-- MySQL dump 10.13  Distrib 8.0.29, for macos11.6 (arm64)
--
-- Host: localhost    Database: doccure
-- ------------------------------------------------------
-- Server version	8.0.28

/*!40101 SET @OLD_CHARACTER_SET_CLIENT=@@CHARACTER_SET_CLIENT */;
/*!40101 SET @OLD_CHARACTER_SET_RESULTS=@@CHARACTER_SET_RESULTS */;
/*!40101 SET @OLD_COLLATION_CONNECTION=@@COLLATION_CONNECTION */;
/*!50503 SET NAMES utf8mb4 */;
/*!40103 SET @OLD_TIME_ZONE=@@TIME_ZONE */;
/*!40103 SET TIME_ZONE='+00:00' */;
/*!40014 SET @OLD_UNIQUE_CHECKS=@@UNIQUE_CHECKS, UNIQUE_CHECKS=0 */;
/*!40014 SET @OLD_FOREIGN_KEY_CHECKS=@@FOREIGN_KEY_CHECKS, FOREIGN_KEY_CHECKS=0 */;
/*!40101 SET @OLD_SQL_MODE=@@SQL_MODE, SQL_MODE='NO_AUTO_VALUE_ON_ZERO' */;
/*!40111 SET @OLD_SQL_NOTES=@@SQL_NOTES, SQL_NOTES=0 */;

--
-- Table structure for table `appointment_logs`
--

DROP TABLE IF EXISTS `appointment_logs`;
/*!40101 SET @saved_cs_client     = @@character_set_client */;
/*!50503 SET character_set_client = utf8mb4 */;
CREATE TABLE `appointment_logs` (
  `id` bigint NOT NULL AUTO_INCREMENT,
  `content` longtext NOT NULL,
  `created_date` datetime NOT NULL DEFAULT CURRENT_TIMESTAMP,
  `appointment_id` bigint NOT NULL,
  `made_by` bigint DEFAULT NULL,
  PRIMARY KEY (`id`),
  KEY `appointment_log_apmt_fk` (`appointment_id`),
  KEY `appointment_log_user_fk` (`made_by`),
  CONSTRAINT `appointment_log_apmt_fk` FOREIGN KEY (`appointment_id`) REFERENCES `appointments` (`id`),
  CONSTRAINT `appointment_log_user_fk` FOREIGN KEY (`made_by`) REFERENCES `users` (`id`)
) ENGINE=InnoDB AUTO_INCREMENT=105 DEFAULT CHARSET=utf8mb4 COLLATE=utf8mb4_0900_ai_ci;
/*!40101 SET character_set_client = @saved_cs_client */;

--
-- Dumping data for table `appointment_logs`
--

LOCK TABLES `appointment_logs` WRITE;
/*!40000 ALTER TABLE `appointment_logs` DISABLE KEYS */;
INSERT INTO `appointment_logs` VALUES (1,'An appointment has been made','2022-06-15 19:57:33',1,10),(2,'An appointment has been made','2022-06-15 20:00:34',2,10),(3,'Appointment was [canceled] by [John Doe]','2022-06-15 20:01:17',2,10),(4,'[Dr. Stephen Strange] has confirmed the appointment','2022-06-15 20:07:01',1,9),(5,'An appointment has been made','2022-06-15 20:09:45',3,12),(6,'An appointment has been made','2022-06-15 20:09:56',4,12),(7,'[Dr. Stephen Strange] has confirmed the appointment','2022-06-15 20:10:27',3,9),(8,'Appointment was [canceled] by [Dr. Stephen Strange]','2022-06-15 20:10:30',4,9),(9,'Completed by system','2022-06-16 18:52:12',1,NULL),(10,'An appointment has been made','2022-06-17 15:28:04',5,26),(11,'An appointment has been made','2022-06-17 15:32:48',6,27),(12,'An appointment has been made','2022-06-17 15:33:10',7,27),(13,'An appointment has been made','2022-06-17 15:33:30',8,27),(14,'An appointment has been made','2022-06-17 15:42:50',9,28),(15,'An appointment has been made','2022-06-17 15:46:58',10,29),(16,'An appointment has been made','2022-06-17 15:48:36',11,30),(17,'An appointment has been made','2022-06-17 15:50:55',12,31),(18,'An appointment has been made','2022-06-17 15:58:45',13,32),(19,'An appointment has been made','2022-06-17 16:01:24',14,33),(20,'An appointment has been made','2022-06-17 16:01:31',15,33),(21,'[Dr. Ronald Richards] has confirmed the appointment','2022-06-17 16:28:17',15,17),(22,'An appointment has been made','2022-06-17 16:29:38',16,28),(23,'An appointment has been made','2022-06-17 16:29:41',17,28),(24,'An appointment has been made','2022-06-17 16:29:43',18,28),(25,'An appointment has been made','2022-06-17 16:29:47',19,28),(26,'An appointment has been made','2022-06-17 16:29:48',20,26),(27,'An appointment has been made','2022-06-17 16:29:50',21,28),(28,'An appointment has been made','2022-06-17 16:30:03',22,28),(29,'An appointment has been made','2022-06-17 16:30:14',23,26),(30,'An appointment has been made','2022-06-17 16:31:10',24,29),(31,'An appointment has been made','2022-06-17 16:31:28',25,29),(32,'An appointment has been made','2022-06-17 16:31:47',26,29),(33,'An appointment has been made','2022-06-17 16:32:24',27,26),(34,'An appointment has been made','2022-06-17 16:32:27',28,29),(35,'An appointment has been made','2022-06-17 16:32:28',29,26),(36,'An appointment has been made','2022-06-17 16:32:32',30,26),(37,'An appointment has been made','2022-06-17 16:32:36',31,26),(38,'An appointment has been made','2022-06-17 16:32:39',32,26),(39,'An appointment has been made','2022-06-17 16:32:42',33,26),(40,'An appointment has been made','2022-06-17 16:32:43',34,29),(41,'An appointment has been made','2022-06-17 16:32:45',35,26),(42,'An appointment has been made','2022-06-17 16:32:48',36,26),(43,'An appointment has been made','2022-06-17 16:32:51',37,26),(44,'An appointment has been made','2022-06-17 16:32:53',38,26),(45,'An appointment has been made','2022-06-17 16:32:57',39,26),(46,'An appointment has been made','2022-06-17 16:33:02',40,29),(47,'An appointment has been made','2022-06-17 16:33:03',41,26),(48,'An appointment has been made','2022-06-17 16:33:10',42,26),(49,'An appointment has been made','2022-06-17 16:33:15',43,26),(50,'An appointment has been made','2022-06-17 16:33:25',44,29),(51,'An appointment has been made','2022-06-17 16:33:51',45,29),(52,'An appointment has been made','2022-06-17 16:33:56',46,27),(53,'An appointment has been made','2022-06-17 16:34:00',47,27),(54,'An appointment has been made','2022-06-17 16:34:02',48,27),(55,'An appointment has been made','2022-06-17 16:34:05',49,27),(56,'An appointment has been made','2022-06-17 16:34:07',50,27),(57,'An appointment has been made','2022-06-17 16:34:10',51,27),(58,'An appointment has been made','2022-06-17 16:34:13',52,27),(59,'An appointment has been made','2022-06-17 16:34:16',53,27),(60,'An appointment has been made','2022-06-17 16:34:19',54,27),(61,'An appointment has been made','2022-06-17 16:34:21',55,27),(62,'An appointment has been made','2022-06-17 16:34:24',56,27),(63,'An appointment has been made','2022-06-17 16:34:27',57,26),(64,'An appointment has been made','2022-06-17 16:34:53',58,26),(65,'An appointment has been made','2022-06-17 16:35:09',59,26),(66,'[Dr. Kathryn Murphy] has confirmed the appointment','2022-06-17 16:35:11',25,25),(67,'Appointment was [canceled] by [Dr. Kathryn Murphy]','2022-06-17 16:35:24',22,25),(68,'An appointment has been made','2022-06-17 16:35:30',60,26),(69,'An appointment has been made','2022-06-17 16:35:59',61,30),(70,'An appointment has been made','2022-06-17 16:36:06',62,33),(71,'An appointment has been made','2022-06-17 16:36:12',63,30),(72,'An appointment has been made','2022-06-17 16:36:14',64,33),(73,'An appointment has been made','2022-06-17 16:36:20',65,33),(74,'An appointment has been made','2022-06-17 16:36:25',66,33),(75,'An appointment has been made','2022-06-17 16:36:26',67,30),(76,'An appointment has been made','2022-06-17 16:36:29',68,33),(77,'An appointment has been made','2022-06-17 16:36:33',69,33),(78,'An appointment has been made','2022-06-17 16:36:37',70,33),(79,'An appointment has been made','2022-06-17 16:36:41',71,33),(80,'An appointment has been made','2022-06-17 16:36:43',72,30),(81,'An appointment has been made','2022-06-17 16:36:46',73,33),(82,'An appointment has been made','2022-06-17 16:36:51',74,33),(83,'An appointment has been made','2022-06-17 16:36:55',75,33),(84,'An appointment has been made','2022-06-17 16:37:02',76,30),(85,'An appointment has been made','2022-06-17 16:37:43',77,31),(86,'An appointment has been made','2022-06-17 16:37:57',78,31),(87,'An appointment has been made','2022-06-17 16:38:11',79,31),(88,'An appointment has been made','2022-06-17 16:38:25',80,31),(89,'[Dr. Devon Lane] has confirmed the appointment','2022-06-17 16:38:36',63,21),(90,'[Dr. Devon Lane] has confirmed the appointment','2022-06-17 16:38:37',40,21),(91,'Appointment was [canceled] by [Dr. Devon Lane]','2022-06-17 16:38:38',50,21),(92,'[Dr. Devon Lane] has confirmed the appointment','2022-06-17 16:38:40',32,21),(93,'Appointment was [canceled] by [Dr. Devon Lane]','2022-06-17 16:38:42',19,21),(94,'An appointment has been made','2022-06-17 16:38:46',81,31),(95,'An appointment has been made','2022-06-17 16:39:06',82,31),(96,'An appointment has been made','2022-06-17 16:39:58',83,32),(97,'An appointment has been made','2022-06-17 16:40:13',84,32),(98,'An appointment has been made','2022-06-17 16:40:27',85,32),(99,'An appointment has been made','2022-06-17 16:40:43',86,32),(100,'An appointment has been made','2022-06-17 16:41:03',87,32),(101,'An appointment has been made','2022-06-17 16:41:39',88,33),(102,'An appointment has been made','2022-06-17 16:41:55',89,33),(103,'An appointment has been made','2022-06-17 16:42:14',90,33),(104,'An appointment has been made','2022-06-17 16:42:35',91,33);
/*!40000 ALTER TABLE `appointment_logs` ENABLE KEYS */;
UNLOCK TABLES;

--
-- Table structure for table `appointments`
--

DROP TABLE IF EXISTS `appointments`;
/*!40101 SET @saved_cs_client     = @@character_set_client */;
/*!50503 SET character_set_client = utf8mb4 */;
CREATE TABLE `appointments` (
  `id` bigint NOT NULL AUTO_INCREMENT,
  `confirmed_date` datetime DEFAULT CURRENT_TIMESTAMP,
  `created_date` datetime DEFAULT CURRENT_TIMESTAMP,
  `modified_date` datetime DEFAULT CURRENT_TIMESTAMP,
  `status` smallint NOT NULL,
  `doctor_id` bigint NOT NULL,
  `patient_id` bigint NOT NULL,
  `time_slot_id` bigint NOT NULL,
  PRIMARY KEY (`id`),
  KEY `appointment_doctor_fk` (`doctor_id`),
  KEY `appointment_patient_fk` (`patient_id`),
  KEY `appointment_time_slot_fk` (`time_slot_id`),
  CONSTRAINT `appointment_doctor_fk` FOREIGN KEY (`doctor_id`) REFERENCES `users` (`id`),
  CONSTRAINT `appointment_patient_fk` FOREIGN KEY (`patient_id`) REFERENCES `users` (`id`),
  CONSTRAINT `appointment_time_slot_fk` FOREIGN KEY (`time_slot_id`) REFERENCES `time_slots` (`id`)
) ENGINE=InnoDB AUTO_INCREMENT=92 DEFAULT CHARSET=utf8mb4 COLLATE=utf8mb4_0900_ai_ci;
/*!40101 SET character_set_client = @saved_cs_client */;

--
-- Dumping data for table `appointments`
--

LOCK TABLES `appointments` WRITE;
/*!40000 ALTER TABLE `appointments` DISABLE KEYS */;
INSERT INTO `appointments` VALUES (1,NULL,'2022-06-15 19:57:33','2022-06-15 19:57:33',2,9,10,1),(2,NULL,'2022-06-15 20:00:34','2022-06-15 20:00:34',3,9,10,14),(3,NULL,'2022-06-15 20:09:45','2022-06-15 20:09:45',1,9,12,13),(4,NULL,'2022-06-15 20:09:56','2022-06-15 20:09:56',3,9,12,14),(5,NULL,'2022-06-17 15:28:04','2022-06-17 15:28:04',0,24,26,308),(6,NULL,'2022-06-17 15:32:48','2022-06-17 15:32:48',0,16,27,435),(7,NULL,'2022-06-17 15:33:10','2022-06-17 15:33:10',0,19,27,283),(8,NULL,'2022-06-17 15:33:30','2022-06-17 15:33:30',0,20,27,127),(9,NULL,'2022-06-17 15:42:50','2022-06-17 15:42:50',0,23,28,361),(10,NULL,'2022-06-17 15:46:58','2022-06-17 15:46:58',0,22,29,137),(11,NULL,'2022-06-17 15:48:36','2022-06-17 15:48:36',0,16,30,325),(12,NULL,'2022-06-17 15:50:55','2022-06-17 15:50:55',0,19,31,397),(13,NULL,'2022-06-17 15:58:45','2022-06-17 15:58:45',0,21,32,349),(14,NULL,'2022-06-17 16:01:24','2022-06-17 16:01:24',0,17,33,273),(15,NULL,'2022-06-17 16:01:31','2022-06-17 16:01:31',1,17,33,387),(16,NULL,'2022-06-17 16:29:38','2022-06-17 16:29:38',0,24,28,199),(17,NULL,'2022-06-17 16:29:41','2022-06-17 16:29:41',0,23,28,141),(18,NULL,'2022-06-17 16:29:43','2022-06-17 16:29:43',0,22,28,188),(19,NULL,'2022-06-17 16:29:47','2022-06-17 16:29:47',3,21,28,295),(20,NULL,'2022-06-17 16:29:48','2022-06-17 16:29:48',0,23,26,417),(21,NULL,'2022-06-17 16:29:50','2022-06-17 16:29:50',0,20,28,180),(22,NULL,'2022-06-17 16:30:03','2022-06-17 16:30:03',3,25,28,259),(23,NULL,'2022-06-17 16:30:14','2022-06-17 16:30:14',0,21,26,242),(24,NULL,'2022-06-17 16:31:10','2022-06-17 16:31:10',0,20,29,398),(25,NULL,'2022-06-17 16:31:28','2022-06-17 16:31:28',1,25,29,203),(26,NULL,'2022-06-17 16:31:47','2022-06-17 16:31:47',0,19,29,118),(27,NULL,'2022-06-17 16:32:24','2022-06-17 16:32:24',0,25,26,260),(28,NULL,'2022-06-17 16:32:27','2022-06-17 16:32:27',0,24,29,311),(29,NULL,'2022-06-17 16:32:28','2022-06-17 16:32:28',0,24,26,255),(30,NULL,'2022-06-17 16:32:32','2022-06-17 16:32:32',0,23,26,194),(31,NULL,'2022-06-17 16:32:36','2022-06-17 16:32:36',0,22,26,245),(32,NULL,'2022-06-17 16:32:39','2022-06-17 16:32:39',1,21,26,185),(33,NULL,'2022-06-17 16:32:42','2022-06-17 16:32:42',0,21,26,131),(34,NULL,'2022-06-17 16:32:43','2022-06-17 16:32:43',0,23,29,358),(35,NULL,'2022-06-17 16:32:45','2022-06-17 16:32:45',0,20,26,289),(36,NULL,'2022-06-17 16:32:48','2022-06-17 16:32:48',0,19,26,339),(37,NULL,'2022-06-17 16:32:51','2022-06-17 16:32:51',0,18,26,169),(38,NULL,'2022-06-17 16:32:53','2022-06-17 16:32:53',0,17,26,164),(39,NULL,'2022-06-17 16:32:57','2022-06-17 16:32:57',0,16,26,217),(40,NULL,'2022-06-17 16:33:02','2022-06-17 16:33:02',1,21,29,352),(41,NULL,'2022-06-17 16:33:03','2022-06-17 16:33:03',0,15,26,101),(42,NULL,'2022-06-17 16:33:10','2022-06-17 16:33:10',0,11,26,39),(43,NULL,'2022-06-17 16:33:15','2022-06-17 16:33:15',0,9,26,3),(44,NULL,'2022-06-17 16:33:25','2022-06-17 16:33:25',0,18,29,282),(45,NULL,'2022-06-17 16:33:51','2022-06-17 16:33:51',0,17,29,331),(46,NULL,'2022-06-17 16:33:56','2022-06-17 16:33:56',0,25,27,151),(47,NULL,'2022-06-17 16:34:00','2022-06-17 16:34:00',0,24,27,257),(48,NULL,'2022-06-17 16:34:02','2022-06-17 16:34:02',0,23,27,195),(49,NULL,'2022-06-17 16:34:05','2022-06-17 16:34:05',0,22,27,300),(50,NULL,'2022-06-17 16:34:07','2022-06-17 16:34:07',3,21,27,293),(51,NULL,'2022-06-17 16:34:10','2022-06-17 16:34:10',0,20,27,237),(52,NULL,'2022-06-17 16:34:13','2022-06-17 16:34:13',0,19,27,228),(53,NULL,'2022-06-17 16:34:16','2022-06-17 16:34:16',0,18,27,225),(54,NULL,'2022-06-17 16:34:19','2022-06-17 16:34:19',0,17,27,219),(55,NULL,'2022-06-17 16:34:21','2022-06-17 16:34:21',0,16,27,213),(56,NULL,'2022-06-17 16:34:24','2022-06-17 16:34:24',0,15,27,265),(57,NULL,'2022-06-17 16:34:27','2022-06-17 16:34:27',0,22,26,353),(58,NULL,'2022-06-17 16:34:53','2022-06-17 16:34:53',0,20,26,344),(59,NULL,'2022-06-17 16:35:09','2022-06-17 16:35:09',0,19,26,177),(60,NULL,'2022-06-17 16:35:30','2022-06-17 16:35:30',0,18,26,117),(61,NULL,'2022-06-17 16:35:59','2022-06-17 16:35:59',0,22,30,410),(62,NULL,'2022-06-17 16:36:06','2022-06-17 16:36:06',0,25,33,206),(63,NULL,'2022-06-17 16:36:12','2022-06-17 16:36:12',1,21,30,128),(64,NULL,'2022-06-17 16:36:14','2022-06-17 16:36:14',0,24,33,145),(65,NULL,'2022-06-17 16:36:20','2022-06-17 16:36:20',0,23,33,251),(66,NULL,'2022-06-17 16:36:25','2022-06-17 16:36:25',0,22,33,299),(67,NULL,'2022-06-17 16:36:26','2022-06-17 16:36:26',0,25,30,423),(68,NULL,'2022-06-17 16:36:29','2022-06-17 16:36:29',0,21,33,239),(69,NULL,'2022-06-17 16:36:33','2022-06-17 16:36:33',0,20,33,234),(70,NULL,'2022-06-17 16:36:37','2022-06-17 16:36:37',0,19,33,230),(71,NULL,'2022-06-17 16:36:41','2022-06-17 16:36:41',0,18,33,224),(72,NULL,'2022-06-17 16:36:43','2022-06-17 16:36:43',0,20,30,400),(73,NULL,'2022-06-17 16:36:46','2022-06-17 16:36:46',0,17,33,166),(74,NULL,'2022-06-17 16:36:51','2022-06-17 16:36:51',0,16,33,159),(75,NULL,'2022-06-17 16:36:55','2022-06-17 16:36:55',0,15,33,155),(76,NULL,'2022-06-17 16:37:02','2022-06-17 16:37:02',0,19,30,393),(77,NULL,'2022-06-17 16:37:43','2022-06-17 16:37:43',0,25,31,370),(78,NULL,'2022-06-17 16:37:57','2022-06-17 16:37:57',0,24,31,143),(79,NULL,'2022-06-17 16:38:11','2022-06-17 16:38:11',0,23,31,140),(80,NULL,'2022-06-17 16:38:25','2022-06-17 16:38:25',0,22,31,298),(81,NULL,'2022-06-17 16:38:46','2022-06-17 16:38:46',0,21,31,183),(82,NULL,'2022-06-17 16:39:06','2022-06-17 16:39:06',0,20,31,125),(83,NULL,'2022-06-17 16:39:58','2022-06-17 16:39:58',0,21,32,404),(84,NULL,'2022-06-17 16:40:13','2022-06-17 16:40:13',0,24,32,418),(85,NULL,'2022-06-17 16:40:27','2022-06-17 16:40:27',0,22,32,133),(86,NULL,'2022-06-17 16:40:43','2022-06-17 16:40:43',0,23,32,193),(87,NULL,'2022-06-17 16:41:03','2022-06-17 16:41:03',0,19,32,394),(88,NULL,'2022-06-17 16:41:39','2022-06-17 16:41:39',0,18,33,113),(89,NULL,'2022-06-17 16:41:55','2022-06-17 16:41:55',0,20,33,126),(90,NULL,'2022-06-17 16:42:14','2022-06-17 16:42:14',0,19,33,119),(91,NULL,'2022-06-17 16:42:35','2022-06-17 16:42:35',0,16,33,103);
/*!40000 ALTER TABLE `appointments` ENABLE KEYS */;
UNLOCK TABLES;

--
-- Table structure for table `doctor_bio`
--

DROP TABLE IF EXISTS `doctor_bio`;
/*!40101 SET @saved_cs_client     = @@character_set_client */;
/*!50503 SET character_set_client = utf8mb4 */;
CREATE TABLE `doctor_bio` (
  `doctor_id` bigint NOT NULL,
  `awards` json DEFAULT NULL,
  `biography` longtext,
  `educations` json DEFAULT NULL,
  `experiences` json DEFAULT NULL,
  `rating` double(1,1) DEFAULT '0.0',
  PRIMARY KEY (`doctor_id`),
  CONSTRAINT `doctor_bio_user_fk` FOREIGN KEY (`doctor_id`) REFERENCES `users` (`id`)
) ENGINE=InnoDB DEFAULT CHARSET=utf8mb4 COLLATE=utf8mb4_0900_ai_ci;
/*!40101 SET character_set_client = @saved_cs_client */;

--
-- Dumping data for table `doctor_bio`
--

LOCK TABLES `doctor_bio` WRITE;
/*!40000 ALTER TABLE `doctor_bio` DISABLE KEYS */;
INSERT INTO `doctor_bio` VALUES (9,'[{\"year\": \"July 2019\", \"award\": \"Humanitarian Award\"}, {\"year\": \"March 2011\", \"award\": \"Certificate for International Volunteer Service\"}, {\"year\": \"May 2008\", \"award\": \"The Dental Professional of The Year Award\"}]','Lorem ipsum dolor sit amet, consectetur adipiscing elit, sed do eiusmod tempor incididunt ut labore et dolore magna aliqua. Ut enim ad minim veniam, quis nostrud exercitation ullamco laboris nisi ut aliquip ex ea commodo consequat. Duis aute irure dolor in reprehenderit in voluptate velit esse cillum dolore eu fugiat nulla pariatur. Excepteur sint occaecat cupidatat non proident, sunt in culpa qui officia deserunt mollit anim id est laborum.','[{\"to\": \"2003\", \"from\": \"1998\", \"degree\": \"BDS\", \"college\": \"American Dental Medical University\"}, {\"to\": \"2005\", \"from\": \"2003\", \"degree\": \"MDS\", \"college\": \"American Dental Medical University\"}]','[{\"to\": \"\", \"from\": \"2010\", \"hospital\": \"Glowing Smiles Family Dental Clinic\"}, {\"to\": \"2010\", \"from\": \"2007\", \"hospital\": \"Comfort Care Dental Clinic\"}, {\"to\": \"2007\", \"from\": \"2005\", \"hospital\": \"Dream Smile Dental Practice\"}]',0.0),(11,'null','','null','null',0.0),(15,'[{\"year\": \"July 2019\", \"award\": \"Humanitarian Award \"}, {\"year\": \"March 2011\", \"award\": \"Certificate for International Volunteer Service\"}, {\"year\": \"May 2008\", \"award\": \"The Dental Professional of The Year Award\"}]','Amet minim mollit non deserunt ullamco est sit aliqua dolor do amet sint. Velit officia consequat duis enim velit mollit. Exercitation veniam consequat sunt nostrud amet.','[{\"to\": \"2003\", \"from\": \"1998\", \"degree\": \"BDS\", \"college\": \"American Dental Medical University\"}, {\"to\": \"2005\", \"from\": \"2003\", \"degree\": \"MDS\", \"college\": \"American Dental Medical University\"}]','[{\"to\": \"2022\", \"from\": \"2010\", \"hospital\": \"Glowing Smiles Family Dental Clinic\"}, {\"to\": \"2010\", \"from\": \"2007\", \"hospital\": \"Comfort Care Dental Clinic\"}, {\"to\": \"2007\", \"from\": \"2003\", \"hospital\": \"Dream Smile Dental Practice\"}]',0.0),(16,'[{\"year\": \"July 2019\", \"award\": \"Humanitarian Award \"}, {\"year\": \"March 2011\", \"award\": \"Certificate for International Volunteer Service\"}, {\"year\": \"May 2008\", \"award\": \"The Dental Professional of The Year Award\"}]','Lorem ipsum dolor sit amet, consectetur adipiscing elit, sed do eiusmod tempor incididunt ut labore et dolore magna aliqua. Ut enim ad minim veniam, quis nostrud exercitation ullamco laboris nisi ut aliquip ex ea commodo consequat. Duis aute irure dolor in reprehenderit in voluptate velit esse cillum dolore eu fugiat nulla pariatur. Excepteur sint occaecat cupidatat non proident, sunt in culpa qui officia deserunt mollit anim id est laborum.','[{\"to\": \"2003\", \"from\": \"1998\", \"degree\": \"BDS\", \"college\": \"American Dental Medical University\"}, {\"to\": \"2005\", \"from\": \"2003\", \"degree\": \"MDS\", \"college\": \"American Dental Medical University\"}]','[{\"to\": \"2022\", \"from\": \"2010\", \"hospital\": \"Glowing Smiles Family Dental Clinic\"}, {\"to\": \"2010\", \"from\": \"2007\", \"hospital\": \"Comfort Care Dental Clinic\"}, {\"to\": \"2007\", \"from\": \"2003\", \"hospital\": \"Dream Smile Dental Practice\"}]',0.0),(17,'[{\"year\": \"July 2019\", \"award\": \"Humanitarian Award \"}, {\"year\": \"March 2011\", \"award\": \"Certificate for International Volunteer Service\"}, {\"year\": \"May 2008\", \"award\": \"The Dental Professional of The Year Award\"}]','Lorem ipsum dolor sit amet, consectetur adipiscing elit, sed do eiusmod tempor incididunt ut labore et dolore magna aliqua. Ut enim ad minim veniam, quis nostrud exercitation ullamco laboris nisi ut aliquip ex ea commodo consequat. Duis aute irure dolor in reprehenderit in voluptate velit esse cillum dolore eu fugiat nulla pariatur. Excepteur sint occaecat cupidatat non proident, sunt in culpa qui officia deserunt mollit anim id est laborum.','[{\"to\": \"2003\", \"from\": \"1998\", \"degree\": \"BDS\", \"college\": \"American Dental Medical University\"}, {\"to\": \"2005\", \"from\": \"2003\", \"degree\": \"MDS\", \"college\": \"American Dental Medical University\"}]','[{\"to\": \"2022\", \"from\": \"2010\", \"hospital\": \"Glowing Smiles Family Dental Clinic\"}, {\"to\": \"2010\", \"from\": \"2007\", \"hospital\": \"Comfort Care Dental Clinic\"}, {\"to\": \"2007\", \"from\": \"2003\", \"hospital\": \"Dream Smile Dental Practice\"}]',0.0),(18,'[{\"year\": \"July 2019\", \"award\": \"Humanitarian Award \"}, {\"year\": \"March 2011\", \"award\": \"Certificate for International Volunteer Service\"}, {\"year\": \"May 2008\", \"award\": \"The Dental Professional of The Year Award\"}]','Lorem ipsum dolor sit amet, consectetur adipiscing elit, sed do eiusmod tempor incididunt ut labore et dolore magna aliqua. Ut enim ad minim veniam, quis nostrud exercitation ullamco laboris nisi ut aliquip ex ea commodo consequat. Duis aute irure dolor in reprehenderit in voluptate velit esse cillum dolore eu fugiat nulla pariatur. Excepteur sint occaecat cupidatat non proident, sunt in culpa qui officia deserunt mollit anim id est laborum.','[{\"to\": \"2003\", \"from\": \"1998\", \"degree\": \"BDS\", \"college\": \"American Dental Medical University\"}, {\"to\": \"2005\", \"from\": \"2003\", \"degree\": \"MDS\", \"college\": \"American Dental Medical University\"}]','[{\"to\": \"2022\", \"from\": \"2010\", \"hospital\": \"Glowing Smiles Family Dental Clinic\"}, {\"to\": \"2010\", \"from\": \"2007\", \"hospital\": \"Comfort Care Dental Clinic\"}, {\"to\": \"2007\", \"from\": \"2003\", \"hospital\": \"Dream Smile Dental Practice\"}]',0.0),(19,'[{\"year\": \"July 2019\", \"award\": \"Humanitarian Award \"}, {\"year\": \"March 2011\", \"award\": \"Certificate for International Volunteer Service\"}, {\"year\": \"May 2008\", \"award\": \"The Dental Professional of The Year Award\"}]','Lorem ipsum dolor sit amet, consectetur adipiscing elit, sed do eiusmod tempor incididunt ut labore et dolore magna aliqua. Ut enim ad minim veniam, quis nostrud exercitation ullamco laboris nisi ut aliquip ex ea commodo consequat. Duis aute irure dolor in reprehenderit in voluptate velit esse cillum dolore eu fugiat nulla pariatur. Excepteur sint occaecat cupidatat non proident, sunt in culpa qui officia deserunt mollit anim id est laborum.','[{\"to\": \"2003\", \"from\": \"1998\", \"degree\": \"BDS\", \"college\": \"American Dental Medical University\"}, {\"to\": \"2005\", \"from\": \"2003\", \"degree\": \"MDS\", \"college\": \"American Dental Medical University\"}]','[{\"to\": \"2022\", \"from\": \"2010\", \"hospital\": \"Glowing Smiles Family Dental Clinic\"}, {\"to\": \"2010\", \"from\": \"2007\", \"hospital\": \"Comfort Care Dental Clinic\"}, {\"to\": \"2007\", \"from\": \"2003\", \"hospital\": \"Dream Smile Dental Practice\"}]',0.0),(20,'[{\"year\": \"July 2019\", \"award\": \"Humanitarian Award \"}, {\"year\": \"March 2011\", \"award\": \"Certificate for International Volunteer Service\"}, {\"year\": \"May 2008\", \"award\": \"The Dental Professional of The Year Award\"}]','Lorem ipsum dolor sit amet, consectetur adipiscing elit, sed do eiusmod tempor incididunt ut labore et dolore magna aliqua. Ut enim ad minim veniam, quis nostrud exercitation ullamco laboris nisi ut aliquip ex ea commodo consequat. Duis aute irure dolor in reprehenderit in voluptate velit esse cillum dolore eu fugiat nulla pariatur. Excepteur sint occaecat cupidatat non proident, sunt in culpa qui officia deserunt mollit anim id est laborum.','[{\"to\": \"2003\", \"from\": \"1998\", \"degree\": \"BDS\", \"college\": \"American Dental Medical University\"}, {\"to\": \"2005\", \"from\": \"2003\", \"degree\": \"MDS\", \"college\": \"American Dental Medical University\"}]','[{\"to\": \"2022\", \"from\": \"2010\", \"hospital\": \"Glowing Smiles Family Dental Clinic\"}, {\"to\": \"\", \"from\": \"2007\", \"hospital\": \"Comfort Care Dental Clinic\"}]',0.0),(21,'[{\"year\": \"July 2019\", \"award\": \"Humanitarian Award \"}, {\"year\": \"March 2011\", \"award\": \"Certificate for International Volunteer Service\"}]','Lorem ipsum dolor sit amet, consectetur adipiscing elit, sed do eiusmod tempor incididunt ut labore et dolore magna aliqua. Ut enim ad minim veniam, quis nostrud exercitation ullamco laboris nisi ut aliquip ex ea commodo consequat. Duis aute irure dolor in reprehenderit in voluptate velit esse cillum dolore eu fugiat nulla pariatur. Excepteur sint occaecat cupidatat non proident, sunt in culpa qui officia deserunt mollit anim id est laborum.','[{\"to\": \"2003\", \"from\": \"1998\", \"degree\": \"BDS\", \"college\": \"American Dental Medical University\"}, {\"to\": \"2005\", \"from\": \"2003\", \"degree\": \"MDS\", \"college\": \"American Dental Medical University\"}]','[{\"to\": \"2022\", \"from\": \"2010\", \"hospital\": \"Glowing Smiles Family Dental Clinic\"}, {\"to\": \"2010\", \"from\": \"2007\", \"hospital\": \"Comfort Care Dental Clinic\"}, {\"to\": \"2007\", \"from\": \"2003\", \"hospital\": \"Dream Smile Dental Practice\"}]',0.0),(22,'[{\"year\": \"July 2019\", \"award\": \"Humanitarian Award \"}, {\"year\": \"March 2011\", \"award\": \"Certificate for International Volunteer Service\"}, {\"year\": \"May 2008\", \"award\": \"The Dental Professional of The Year Award\"}]','Lorem ipsum dolor sit amet, consectetur adipiscing elit, sed do eiusmod tempor incididunt ut labore et dolore magna aliqua. Ut enim ad minim veniam, quis nostrud exercitation ullamco laboris nisi ut aliquip ex ea commodo consequat. Duis aute irure dolor in reprehenderit in voluptate velit esse cillum dolore eu fugiat nulla pariatur. Excepteur sint occaecat cupidatat non proident, sunt in culpa qui officia deserunt mollit anim id est laborum.','[{\"to\": \"2003\", \"from\": \"1998\", \"degree\": \"BDS\", \"college\": \"American Dental Medical University\"}, {\"to\": \"2005\", \"from\": \"2003\", \"degree\": \"MDS\", \"college\": \"American Dental Medical University\"}]','[{\"to\": \"2022\", \"from\": \"2010\", \"hospital\": \"Glowing Smiles Family Dental Clinic\"}, {\"to\": \"2010\", \"from\": \"2007\", \"hospital\": \"Comfort Care Dental Clinic\"}, {\"to\": \"2007\", \"from\": \"2003\", \"hospital\": \"Dream Smile Dental Practice\"}]',0.0),(23,'[{\"year\": \"July 2019\", \"award\": \"Humanitarian Award \"}, {\"year\": \"March 2011\", \"award\": \"Certificate for International Volunteer Service\"}, {\"year\": \"May 2008\", \"award\": \"The Dental Professional of The Year Award\"}]','Lorem ipsum dolor sit amet, consectetur adipiscing elit, sed do eiusmod tempor incididunt ut labore et dolore magna aliqua. Ut enim ad minim veniam, quis nostrud exercitation ullamco laboris nisi ut aliquip ex ea commodo consequat. Duis aute irure dolor in reprehenderit in voluptate velit esse cillum dolore eu fugiat nulla pariatur. Excepteur sint occaecat cupidatat non proident, sunt in culpa qui officia deserunt mollit anim id est laborum.','[{\"to\": \"2003\", \"from\": \"1998\", \"degree\": \"BDS\", \"college\": \"American Dental Medical University\"}, {\"to\": \"2005\", \"from\": \"2003\", \"degree\": \"MDS\", \"college\": \"American Dental Medical University\"}]','[{\"to\": \"2022\", \"from\": \"2010\", \"hospital\": \"Glowing Smiles Family Dental Clinic\"}, {\"to\": \"2010\", \"from\": \"2007\", \"hospital\": \"Comfort Care Dental Clinic\"}, {\"to\": \"2007\", \"from\": \"2003\", \"hospital\": \"Dream Smile Dental Practice\"}]',0.0),(24,'[{\"year\": \"July 2019\", \"award\": \"Humanitarian Award \"}, {\"year\": \"March 2011\", \"award\": \"Certificate for International Volunteer Service\"}, {\"year\": \"May 2008\", \"award\": \"The Dental Professional of The Year Award\"}]','Lorem ipsum dolor sit amet, consectetur adipiscing elit, sed do eiusmod tempor incididunt ut labore et dolore magna aliqua. Ut enim ad minim veniam, quis nostrud exercitation ullamco laboris nisi ut aliquip ex ea commodo consequat. Duis aute irure dolor in reprehenderit in voluptate velit esse cillum dolore eu fugiat nulla pariatur. Excepteur sint occaecat cupidatat non proident, sunt in culpa qui officia deserunt mollit anim id est laborum.','[{\"to\": \"2003\", \"from\": \"1998\", \"degree\": \"BDS\", \"college\": \"American Dental Medical University\"}, {\"to\": \"2005\", \"from\": \"2003\", \"degree\": \"MDS\", \"college\": \"American Dental Medical University\"}]','[{\"to\": \"2022\", \"from\": \"2010\", \"hospital\": \"Glowing Smiles Family Dental Clinic\"}, {\"to\": \"2010\", \"from\": \"2007\", \"hospital\": \"Comfort Care Dental Clinic\"}, {\"to\": \"2007\", \"from\": \"2003\", \"hospital\": \"Dream Smile Dental Practice\"}]',0.0),(25,'[{\"year\": \"July 2019\", \"award\": \"Humanitarian Award \"}, {\"year\": \"March 2011\", \"award\": \"Certificate for International Volunteer Service\"}, {\"year\": \"May 2008\", \"award\": \"The Dental Professional of The Year Award\"}]','Lorem ipsum dolor sit amet, consectetur adipiscing elit, sed do eiusmod tempor incididunt ut labore et dolore magna aliqua. Ut enim ad minim veniam, quis nostrud exercitation ullamco laboris nisi ut aliquip ex ea commodo consequat. Duis aute irure dolor in reprehenderit in voluptate velit esse cillum dolore eu fugiat nulla pariatur. Excepteur sint occaecat cupidatat non proident, sunt in culpa qui officia deserunt mollit anim id est laborum.','[{\"to\": \"2003\", \"from\": \"1998\", \"degree\": \"BDS\", \"college\": \"American Dental Medical University\"}, {\"to\": \"2005\", \"from\": \"2003\", \"degree\": \"MDS\", \"college\": \"American Dental Medical University\"}]','[{\"to\": \"2022\", \"from\": \"2010\", \"hospital\": \"Glowing Smiles Family Dental Clinic\"}, {\"to\": \"2010\", \"from\": \"2007\", \"hospital\": \"Comfort Care Dental Clinic\"}, {\"to\": \"2007\", \"from\": \"2003\", \"hospital\": \"Dream Smile Dental Practice\"}]',0.0);
/*!40000 ALTER TABLE `doctor_bio` ENABLE KEYS */;
UNLOCK TABLES;

--
-- Table structure for table `doctor_clinics`
--

DROP TABLE IF EXISTS `doctor_clinics`;
/*!40101 SET @saved_cs_client     = @@character_set_client */;
/*!50503 SET character_set_client = utf8mb4 */;
CREATE TABLE `doctor_clinics` (
  `doctor_id` bigint NOT NULL,
  `address_line_1` varchar(255) NOT NULL,
  `address_line_2` varchar(255) DEFAULT NULL,
  `city` varchar(50) NOT NULL,
  `country` varchar(50) NOT NULL,
  `created_date` datetime DEFAULT CURRENT_TIMESTAMP,
  `images` json DEFAULT NULL,
  `lat` decimal(10,8) NOT NULL,
  `lng` decimal(11,8) NOT NULL,
  `modified_date` datetime DEFAULT CURRENT_TIMESTAMP,
  `name` varchar(255) NOT NULL,
  `postal_code` int DEFAULT NULL,
  `specialities` varchar(255) NOT NULL,
  `state` varchar(50) NOT NULL,
  PRIMARY KEY (`doctor_id`),
  CONSTRAINT `doctor_clinic_user_fk` FOREIGN KEY (`doctor_id`) REFERENCES `users` (`id`)
) ENGINE=InnoDB DEFAULT CHARSET=utf8mb4 COLLATE=utf8mb4_0900_ai_ci;
/*!40101 SET character_set_client = @saved_cs_client */;

--
-- Dumping data for table `doctor_clinics`
--

LOCK TABLES `doctor_clinics` WRITE;
/*!40000 ALTER TABLE `doctor_clinics` DISABLE KEYS */;
INSERT INTO `doctor_clinics` VALUES (9,'1194 Đ. Láng','Láng Thượng, Đống Đa','Hanoi','VN','2022-06-15 19:35:57','[\"clinic_9_Sxy4bn3AeDjkchbf.jpg\", \"clinic_9_XymxeEb9znnecNU2.jpg\", \"clinic_9_gwPBVAJfg35CNLYF.jpg\", \"clinic_9_o6y5j4rCIxccc2Ts.jpg\", \"clinic_9_OTq5oIUVulPXuHTl.jpg\", \"clinic_9_EuEixwfxCPkTJqLZ.jpg\"]',21.02748330,105.79994970,'2022-06-15 19:35:57','Smile Cute Dental Care Center',NULL,'MDS - Periodontology and Oral Implantology, BDS','Hanoi'),(11,'39 P. Hoàng Cầu','Chợ Dừa, Đống Đa','Hanoi','VN','2022-06-17 14:59:56','[]',21.01878090,105.82481140,'2022-06-17 14:59:56','Clinic ',NULL,'Dental','Hanoi'),(15,'97 Đ. Láng','Đống Đa','Hà Nội','VN','2022-06-17 13:37:26','[\"clinic_15_7dvdw86ApKjaIz0v.jpg\", \"clinic_15_Ugc6Oc2NPTsf9DkG.jpg\", \"clinic_15_2r7WZLdFsJo6dFmm.jpg\", \"clinic_15_wAvl9iDE8gvmOvgg.jpg\", \"clinic_15_xlzECTZTk4SgT5j9.jpg\", \"clinic_15_hZd0nRbYZtVUpSPk.jpg\"]',21.01384290,105.80683950,'2022-06-17 13:37:26','Barnes-Jewish Hospital',NULL,'MBBS, MD - General Medicine, DNB - Cardiology','Hà Nội'),(16,'14 P. Thái Hà','Trung Liệt, Đống Đa','Hanoi','VN','2022-06-17 13:54:15','[\"clinic_16_6QBlSC0sDnSDjtw9.jpg\", \"clinic_16_QTipDb4gJvQ7J64a.jpg\", \"clinic_16_z5cg9snlWzpTTiLg.jpg\", \"clinic_16_fsieTdCyFAzVI6VY.jpg\", \"clinic_16_cN8n9T9e6JkI4Ecd.jpg\", \"clinic_16_7BjQrv0JBNT2w0ub.jpg\"]',21.01022300,105.82299100,'2022-06-17 13:54:15','Cleveland Clinic',NULL,'MBBS, MD - General Medicine, DNB - Cardiology','Hanoi'),(17,'22 Nguyễn Lương Bằng','Chợ Dừa, Đống Đa','Hanoi','VN','2022-06-17 13:58:59','[\"clinic_17_wVTfC3Dh2O8avLrA.jpg\", \"clinic_17_Jg5iLWzXjU9LupaF.jpg\", \"clinic_17_3CyiUZx7usut9LF7.jpg\", \"clinic_17_U30Wlhgkq1dAncFK.jpg\", \"clinic_17_CpAtGlmG593grYkO.jpg\", \"clinic_17_YGGaxLFZ7R41CXMG.jpg\"]',21.01752070,105.82889220,'2022-06-17 13:58:59','The Johns Hopkins Hospital',100000,'Periodontology and Oral Implantology, BDS','Hanoi'),(18,'169 P. Tây Sơn','Trung Liệt, Đống Đa','Hanoi','VN','2022-06-17 14:06:06','[\"clinic_18_GcW2V8HBQEKyjJ3a.jpg\", \"clinic_18_FMbdw0lr9aDxNxat.jpg\", \"clinic_18_7hBP6ACeoBL7R4q5.jpg\", \"clinic_18_nfkZXwuL3wtxznOU.jpg\", \"clinic_18_teILyRJsmXywTkZc.jpg\", \"clinic_18_vnpDMZAEqkkzSC4Y.jpg\"]',21.00942250,105.82463810,'2022-06-17 14:06:06','Massachusetts General Hospital',NULL,' General Medicine, DNB - Cardiology','Hanoi'),(19,'169 Đ. Trường Chinh','Khương Mai, Thanh Xuân','Hanoi','VN','2022-06-17 14:35:54','[\"clinic_19_aWti2dUDi1FQ8xSR.jpg\", \"clinic_19_2SMfDbKYnS2cA2yB.jpg\", \"clinic_19_VorjqCyVGyxGrI1g.jpg\", \"clinic_19_PIBRhwdszdidbuYm.jpg\", \"clinic_19_FdeMBxGTs2Iru7XE.jpg\", \"clinic_19_3psOGbxhHYl9IKxl.jpg\"]',20.99890220,105.83329550,'2022-06-17 14:35:54','Massachusetts General Hospital',NULL,'Periodontology and Oral Implantology, BDS','Hanoi'),(20,'12 Tây Sơn','','Hanoi','VN','2022-06-17 14:38:06','[\"clinic_20_U3Vr0WCrwkIc2ClK.jpg\", \"clinic_20_G5xJ2z6kiXb46vx1.jpg\", \"clinic_20_PNF6l8bdHr7Jd2Jc.jpg\", \"clinic_20_v4a3O15oGUPa0qwY.jpg\", \"clinic_20_f0xJc90PPA4RrzIC.jpg\", \"clinic_20_w18DdPlPYPvUzNbT.jpg\"]',21.08177830,105.67734480,'2022-06-17 14:38:06','New York-Presbyterian Hospital-Columbia and Cornell',NULL,'General Surgery, MCh - Urology','Hanoi'),(21,'22 P. Chùa Bộc','Quang Trung, Đống Đa','Hanoi','VN','2022-06-17 15:03:04','[\"clinic_21_Slil6JTJ3bCUJEtR.jpg\", \"clinic_21_msx4I8C1XXX63VmO.jpg\", \"clinic_21_aw7xIggEnyH9g6jQ.jpg\", \"clinic_21_HgklvCT69qR2s2Ff.jpg\", \"clinic_21_Dqtp9pusDH8XRfPw.jpg\", \"clinic_21_kRZuLlyWFgxGOXMa.jpg\"]',21.00852350,105.82641220,'2022-06-17 15:03:04','Brigham And Women\'s Hospital',NULL,' General Medicine, DNB - Cardiology','Hanoi'),(22,'123 P. Đặng Văn Ngữ','Phương Liên, Đống Đa','Hanoi','VN','2022-06-17 15:08:12','[\"clinic_22_zt2QI6i4XeQmwUIF.jpg\", \"clinic_22_Bw8yJCN0vcpPNXey.jpg\", \"clinic_22_f4lvDdOqvn5f12vz.jpg\", \"clinic_22_L3qtOMpoNBc0vlVv.jpg\", \"clinic_22_sV3HOYo5zSRGQPpd.jpg\"]',21.01304920,105.83315740,'2022-06-17 15:08:12','Ronald Reagan UCLA Medical Center',NULL,'Orthopaedics, MBBS, M.Ch - Orthopaedics','Hanoi'),(23,'15 Đ. Trường Chinh','Đống Đa','Hanoi','VN','2022-06-17 15:11:14','[\"clinic_23_3QQcrciCXlLPWIln.jpg\", \"clinic_23_GZHaJo0vauUQ1ALk.jpg\", \"clinic_23_tTRlcYH1ax9Rpit3.jpg\", \"clinic_23_QMwagMroHk1HUmFL.jpg\", \"clinic_23_ce9FEK3tXtldgTs3.jpg\"]',21.00014920,105.83126380,'2022-06-17 15:11:14','Mayo Clinic - Phoenix',NULL,'Orthopaedics, MBBS, M.Ch - Orthopaedics','Hanoi'),(24,'7 P.Phạm Ngọc Thạch','Trung Tự, Đống Đa','Hanoi','VN','2022-06-17 15:18:08','[\"clinic_24_1hpcgQ6zHLjabYN1.jpg\", \"clinic_24_SRzoI581lQtFWl9q.jpg\", \"clinic_24_aHehvPnln6IIeOdZ.jpg\", \"clinic_24_VrCAydsdB10twhBf.jpg\"]',21.00840040,105.83377720,'2022-06-17 15:18:08','Mayo Clinic - Phoenix',NULL,'General Surgery, MCh - Urology','Hanoi'),(25,'27 P. Ô Chợ Dừa','Chợ Dừa, Đống Đa','Hanoi','VN','2022-06-17 15:19:41','[\"clinic_25_XLB32xTTWCxnEheu.jpg\", \"clinic_25_hKb3h1tItACBSjmt.jpg\", \"clinic_25_7aGORvenvRdq3cMF.jpg\", \"clinic_25_HiFxXgaEXtpSDbGE.jpg\", \"clinic_25_pE0oEHnPCCfkzmwK.jpg\", \"clinic_25_JzVqE9sr9a1SCbso.jpg\"]',21.01911080,105.82832660,'2022-06-17 15:19:41','Ronald Reagan UCLA Medical Center',NULL,'MBBS, MD - General Medicine, DNB - Cardiology','Hanoi');
/*!40000 ALTER TABLE `doctor_clinics` ENABLE KEYS */;
UNLOCK TABLES;

--
-- Table structure for table `doctor_services`
--

DROP TABLE IF EXISTS `doctor_services`;
/*!40101 SET @saved_cs_client     = @@character_set_client */;
/*!50503 SET character_set_client = utf8mb4 */;
CREATE TABLE `doctor_services` (
  `doctor_id` bigint NOT NULL,
  `service_id` bigint NOT NULL,
  PRIMARY KEY (`doctor_id`,`service_id`),
  KEY `service_doctor_fk` (`service_id`),
  CONSTRAINT `doctor_service_fk` FOREIGN KEY (`doctor_id`) REFERENCES `users` (`id`),
  CONSTRAINT `service_doctor_fk` FOREIGN KEY (`service_id`) REFERENCES `services` (`id`)
) ENGINE=InnoDB DEFAULT CHARSET=utf8mb4 COLLATE=utf8mb4_0900_ai_ci;
/*!40101 SET character_set_client = @saved_cs_client */;

--
-- Dumping data for table `doctor_services`
--

LOCK TABLES `doctor_services` WRITE;
/*!40000 ALTER TABLE `doctor_services` DISABLE KEYS */;
INSERT INTO `doctor_services` VALUES (9,1),(16,1),(23,1),(9,3),(16,3),(21,3),(18,4),(19,4),(20,4),(15,5),(16,5),(19,5),(20,5),(22,5),(15,6),(21,6),(22,6),(17,7),(21,7),(17,8),(24,8),(17,9),(23,9),(24,9),(25,9),(18,10),(23,10),(25,10),(19,11),(20,11),(22,11),(25,11),(24,12),(18,13);
/*!40000 ALTER TABLE `doctor_services` ENABLE KEYS */;
UNLOCK TABLES;

--
-- Table structure for table `doctor_speciality`
--

DROP TABLE IF EXISTS `doctor_speciality`;
/*!40101 SET @saved_cs_client     = @@character_set_client */;
/*!50503 SET character_set_client = utf8mb4 */;
CREATE TABLE `doctor_speciality` (
  `doctor_id` bigint NOT NULL,
  `speciality_id` bigint NOT NULL,
  PRIMARY KEY (`doctor_id`,`speciality_id`),
  KEY `specialty_doctor_fk` (`speciality_id`),
  CONSTRAINT `doctor_specialty_fk` FOREIGN KEY (`doctor_id`) REFERENCES `users` (`id`),
  CONSTRAINT `specialty_doctor_fk` FOREIGN KEY (`speciality_id`) REFERENCES `specialities` (`id`)
) ENGINE=InnoDB DEFAULT CHARSET=utf8mb4 COLLATE=utf8mb4_0900_ai_ci;
/*!40101 SET character_set_client = @saved_cs_client */;

--
-- Dumping data for table `doctor_speciality`
--

LOCK TABLES `doctor_speciality` WRITE;
/*!40000 ALTER TABLE `doctor_speciality` DISABLE KEYS */;
INSERT INTO `doctor_speciality` VALUES (18,1),(19,1),(20,1),(15,2),(22,2),(25,2),(15,3),(21,3),(17,4),(24,4),(9,5),(16,5),(23,5);
/*!40000 ALTER TABLE `doctor_speciality` ENABLE KEYS */;
UNLOCK TABLES;

--
-- Table structure for table `patient_bio`
--

DROP TABLE IF EXISTS `patient_bio`;
/*!40101 SET @saved_cs_client     = @@character_set_client */;
/*!50503 SET character_set_client = utf8mb4 */;
CREATE TABLE `patient_bio` (
  `patient_id` bigint NOT NULL,
  `blood_type` varchar(10) DEFAULT NULL,
  `height` smallint DEFAULT NULL,
  `weight` smallint DEFAULT NULL,
  PRIMARY KEY (`patient_id`),
  CONSTRAINT `patient_bio_user_fk` FOREIGN KEY (`patient_id`) REFERENCES `users` (`id`)
) ENGINE=InnoDB DEFAULT CHARSET=utf8mb4 COLLATE=utf8mb4_0900_ai_ci;
/*!40101 SET character_set_client = @saved_cs_client */;

--
-- Dumping data for table `patient_bio`
--

LOCK TABLES `patient_bio` WRITE;
/*!40000 ALTER TABLE `patient_bio` DISABLE KEYS */;
INSERT INTO `patient_bio` VALUES (10,'B+',175,65),(26,'AB-',155,55),(27,'B-',188,98),(28,'A+',176,78),(29,'B+',160,50),(30,'A+',178,76),(31,'A-',167,52),(32,'B-',163,56),(33,'AB-',171,65);
/*!40000 ALTER TABLE `patient_bio` ENABLE KEYS */;
UNLOCK TABLES;

--
-- Table structure for table `patient_favorites`
--

DROP TABLE IF EXISTS `patient_favorites`;
/*!40101 SET @saved_cs_client     = @@character_set_client */;
/*!50503 SET character_set_client = utf8mb4 */;
CREATE TABLE `patient_favorites` (
  `created_at` datetime NOT NULL DEFAULT CURRENT_TIMESTAMP,
  `patient_id` bigint NOT NULL,
  `doctor_id` bigint NOT NULL,
  PRIMARY KEY (`doctor_id`,`patient_id`),
  KEY `favorite_patient_fk` (`patient_id`),
  CONSTRAINT `favorite_doctor_fk` FOREIGN KEY (`doctor_id`) REFERENCES `users` (`id`),
  CONSTRAINT `favorite_patient_fk` FOREIGN KEY (`patient_id`) REFERENCES `users` (`id`)
) ENGINE=InnoDB DEFAULT CHARSET=utf8mb4 COLLATE=utf8mb4_0900_ai_ci;
/*!40101 SET character_set_client = @saved_cs_client */;

--
-- Dumping data for table `patient_favorites`
--

LOCK TABLES `patient_favorites` WRITE;
/*!40000 ALTER TABLE `patient_favorites` DISABLE KEYS */;
INSERT INTO `patient_favorites` VALUES ('2022-06-16 23:09:14',14,9),('2022-06-16 23:15:42',14,11),('2022-06-16 23:27:52',15,11),('2022-06-17 15:29:40',27,16),('2022-06-17 15:48:32',30,16),('2022-06-17 16:42:30',33,16),('2022-06-17 15:29:38',27,17),('2022-06-17 16:33:41',29,17),('2022-06-17 16:01:03',33,17),('2022-06-17 16:35:25',26,18),('2022-06-17 15:29:36',27,18),('2022-06-17 16:33:20',29,18),('2022-06-17 16:41:33',33,18),('2022-06-17 16:35:04',26,19),('2022-06-17 15:29:34',27,19),('2022-06-17 16:31:41',29,19),('2022-06-17 16:36:57',30,19),('2022-06-17 15:50:50',31,19),('2022-06-17 16:40:58',32,19),('2022-06-17 16:42:08',33,19),('2022-06-17 16:34:48',26,20),('2022-06-17 15:29:32',27,20),('2022-06-17 16:31:05',29,20),('2022-06-17 16:36:37',30,20),('2022-06-17 16:38:59',31,20),('2022-06-17 16:41:48',33,20),('2022-06-17 16:30:08',26,21),('2022-06-17 15:29:30',27,21),('2022-06-17 16:32:55',29,21),('2022-06-17 16:36:08',30,21),('2022-06-17 16:38:41',31,21),('2022-06-17 15:58:39',32,21),('2022-06-17 16:34:22',26,22),('2022-06-17 15:29:29',27,22),('2022-06-17 15:46:34',29,22),('2022-06-17 16:35:54',30,22),('2022-06-17 16:38:20',31,22),('2022-06-17 16:40:22',32,22),('2022-06-17 16:29:39',26,23),('2022-06-17 15:29:28',27,23),('2022-06-17 15:42:17',28,23),('2022-06-17 16:32:39',29,23),('2022-06-17 16:38:05',31,23),('2022-06-17 16:40:37',32,23),('2022-06-17 15:27:36',26,24),('2022-06-17 15:29:45',27,24),('2022-06-17 16:32:22',29,24),('2022-06-17 16:37:53',31,24),('2022-06-17 16:40:04',32,24),('2022-06-17 15:29:47',27,25),('2022-06-17 16:31:22',29,25),('2022-06-17 16:36:22',30,25),('2022-06-17 16:37:37',31,25);
/*!40000 ALTER TABLE `patient_favorites` ENABLE KEYS */;
UNLOCK TABLES;

--
-- Table structure for table `persistent_logins`
--

DROP TABLE IF EXISTS `persistent_logins`;
/*!40101 SET @saved_cs_client     = @@character_set_client */;
/*!50503 SET character_set_client = utf8mb4 */;
CREATE TABLE `persistent_logins` (
  `username` varchar(64) NOT NULL,
  `series` varchar(64) NOT NULL,
  `token` varchar(64) NOT NULL,
  `last_used` timestamp NOT NULL,
  PRIMARY KEY (`series`)
) ENGINE=InnoDB DEFAULT CHARSET=utf8mb4 COLLATE=utf8mb4_0900_ai_ci;
/*!40101 SET character_set_client = @saved_cs_client */;

--
-- Dumping data for table `persistent_logins`
--

LOCK TABLES `persistent_logins` WRITE;
/*!40000 ALTER TABLE `persistent_logins` DISABLE KEYS */;
INSERT INTO `persistent_logins` VALUES ('devonlane','cgIJG7zzTOTl6deMOpGRAg==','hbEwy/EqGY6zrZEXVtg41A==','2022-06-17 09:44:40'),('doctorstrange','ii5ljoEZdtnE2TOM1dfL1w==','R1CCdQI0Ck7BWmk2vSah8g==','2022-06-15 13:06:47');
/*!40000 ALTER TABLE `persistent_logins` ENABLE KEYS */;
UNLOCK TABLES;

--
-- Table structure for table `reviews`
--

DROP TABLE IF EXISTS `reviews`;
/*!40101 SET @saved_cs_client     = @@character_set_client */;
/*!50503 SET character_set_client = utf8mb4 */;
CREATE TABLE `reviews` (
  `id` bigint NOT NULL AUTO_INCREMENT,
  `created_date` datetime(6) DEFAULT NULL,
  `modified_date` datetime(6) DEFAULT NULL,
  `content` varchar(100) DEFAULT NULL,
  `rating` double DEFAULT NULL,
  `title` varchar(100) DEFAULT NULL,
  `doctor_id` bigint NOT NULL,
  `patient_id` bigint NOT NULL,
  PRIMARY KEY (`id`),
  KEY `review_doctor_fk` (`doctor_id`),
  KEY `review_patient_fk` (`patient_id`),
  CONSTRAINT `review_doctor_fk` FOREIGN KEY (`doctor_id`) REFERENCES `users` (`id`),
  CONSTRAINT `review_patient_fk` FOREIGN KEY (`patient_id`) REFERENCES `users` (`id`)
) ENGINE=InnoDB AUTO_INCREMENT=18 DEFAULT CHARSET=utf8mb4 COLLATE=utf8mb4_0900_ai_ci;
/*!40101 SET character_set_client = @saved_cs_client */;

--
-- Dumping data for table `reviews`
--

LOCK TABLES `reviews` WRITE;
/*!40000 ALTER TABLE `reviews` DISABLE KEYS */;
INSERT INTO `reviews` VALUES (1,'2022-06-15 19:59:54.118000','2022-06-15 19:59:54.118000','Best Dentist I\'ve seen! Outstanding!',5,'Great doctor ever!',9,10),(2,'2022-06-15 20:02:09.818000','2022-06-15 20:02:09.818000','Nicest doctor I\'ve seen!',5,'What a great doctor!',9,10),(3,'2022-06-16 23:28:33.788000','2022-06-16 23:28:33.789000','good services',5,'Good Services!',11,15),(4,'2022-06-17 15:27:53.487000','2022-06-17 15:27:53.487000','best choice ever',5,'Best choice!',24,26),(5,'2022-06-17 15:32:25.722000','2022-06-17 15:32:25.722000','good services!',4,'good services!',16,27),(6,'2022-06-17 15:33:48.171000','2022-06-17 15:33:48.171000','good services!',5,'good services!',20,27),(7,'2022-06-17 15:34:33.108000','2022-06-17 15:34:33.108000','too bad',3,'too bad',25,27),(8,'2022-06-17 15:35:11.878000','2022-06-17 15:35:11.878000','great',5,'great ',17,27),(9,'2022-06-17 15:38:39.399000','2022-06-17 15:38:39.399000','excellent doctor',5,'excellent doctor',21,27),(10,'2022-06-17 15:39:33.761000','2022-06-17 15:39:33.761000','ok',3,'ok',18,27),(11,'2022-06-17 15:40:05.875000','2022-06-17 15:40:05.875000','good job',5,'good job',19,27),(12,'2022-06-17 15:42:42.834000','2022-06-17 15:42:42.834000','recommended',5,'recommended',23,28),(13,'2022-06-17 15:46:50.771000','2022-06-17 15:46:50.771000','just ok',4,'just ok',22,29),(14,'2022-06-17 15:49:08.290000','2022-06-17 15:49:08.290000','good services',5,'good services',16,30),(15,'2022-06-17 15:51:28.980000','2022-06-17 15:51:28.980000','ok',3,'ok',19,31),(16,'2022-06-17 15:59:07.874000','2022-06-17 15:59:07.874000','amazing doctor',5,'amazing doctor',21,32),(17,'2022-06-17 16:01:13.699000','2022-06-17 16:01:13.699000','recommended',5,'recommended',17,33);
/*!40000 ALTER TABLE `reviews` ENABLE KEYS */;
UNLOCK TABLES;

--
-- Table structure for table `roles`
--

DROP TABLE IF EXISTS `roles`;
/*!40101 SET @saved_cs_client     = @@character_set_client */;
/*!50503 SET character_set_client = utf8mb4 */;
CREATE TABLE `roles` (
  `id` bigint NOT NULL AUTO_INCREMENT,
  `name` varchar(255) DEFAULT NULL,
  PRIMARY KEY (`id`)
) ENGINE=InnoDB AUTO_INCREMENT=4 DEFAULT CHARSET=utf8mb4 COLLATE=utf8mb4_0900_ai_ci;
/*!40101 SET character_set_client = @saved_cs_client */;

--
-- Dumping data for table `roles`
--

LOCK TABLES `roles` WRITE;
/*!40000 ALTER TABLE `roles` DISABLE KEYS */;
INSERT INTO `roles` VALUES (1,'ROLE_ADMIN'),(2,'ROLE_DOCTOR'),(3,'ROLE_PATIENT');
/*!40000 ALTER TABLE `roles` ENABLE KEYS */;
UNLOCK TABLES;

--
-- Table structure for table `services`
--

DROP TABLE IF EXISTS `services`;
/*!40101 SET @saved_cs_client     = @@character_set_client */;
/*!50503 SET character_set_client = utf8mb4 */;
CREATE TABLE `services` (
  `id` bigint NOT NULL AUTO_INCREMENT,
  `name` varchar(100) NOT NULL,
  `slug` varchar(100) NOT NULL,
  PRIMARY KEY (`id`),
  UNIQUE KEY `UK_gnenm2itqjotnod9yfan1e9in` (`slug`)
) ENGINE=InnoDB AUTO_INCREMENT=15 DEFAULT CHARSET=utf8mb4 COLLATE=utf8mb4_0900_ai_ci;
/*!40101 SET character_set_client = @saved_cs_client */;

--
-- Dumping data for table `services`
--

LOCK TABLES `services` WRITE;
/*!40000 ALTER TABLE `services` DISABLE KEYS */;
INSERT INTO `services` VALUES (1,'Dental Fillings','dental fillings'),(3,'Teeth Whitening','teeth whitening'),(4,'CT scans','ct scans'),(5,'MRI','mri'),(6,'PET scan','pet scan'),(7,'Interventional Cardiology','interventional cardiology'),(8,'Cardiac rehabilitation','cardiac rehabilitation'),(9,'Heart rhythm monitoring','heart rhythm monitoring'),(10,'General cardiology consultation','general cardiology consultation'),(11,'Implants','implants'),(12,'Orthodontics','orthodontics'),(13,'Dental cleanings','dental cleanings'),(14,'Tooth Extractions','tooth extractions');
/*!40000 ALTER TABLE `services` ENABLE KEYS */;
UNLOCK TABLES;

--
-- Table structure for table `specialities`
--

DROP TABLE IF EXISTS `specialities`;
/*!40101 SET @saved_cs_client     = @@character_set_client */;
/*!50503 SET character_set_client = utf8mb4 */;
CREATE TABLE `specialities` (
  `id` bigint NOT NULL AUTO_INCREMENT,
  `image` varchar(255) DEFAULT NULL,
  `name` varchar(100) NOT NULL,
  `slug` varchar(100) NOT NULL,
  PRIMARY KEY (`id`),
  UNIQUE KEY `UK_l3fk3u02fkycojspw5xr7t3di` (`slug`)
) ENGINE=InnoDB AUTO_INCREMENT=7 DEFAULT CHARSET=utf8mb4 COLLATE=utf8mb4_0900_ai_ci;
/*!40101 SET character_set_client = @saved_cs_client */;

--
-- Dumping data for table `specialities`
--

LOCK TABLES `specialities` WRITE;
/*!40000 ALTER TABLE `specialities` DISABLE KEYS */;
INSERT INTO `specialities` VALUES (1,'specialities-01.png','Urology','urology'),(2,'specialities-02.png','Neurology','neurology'),(3,'specialities-03.png','Orthopedic','orthopedic'),(4,'specialities-04.png','Cardiologist','cardiologist'),(5,'specialities-05.png','Dentist','dentist');
/*!40000 ALTER TABLE `specialities` ENABLE KEYS */;
UNLOCK TABLES;

--
-- Table structure for table `time_slots`
--

DROP TABLE IF EXISTS `time_slots`;
/*!40101 SET @saved_cs_client     = @@character_set_client */;
/*!50503 SET character_set_client = utf8mb4 */;
CREATE TABLE `time_slots` (
  `id` bigint NOT NULL AUTO_INCREMENT,
  `created_date` datetime DEFAULT CURRENT_TIMESTAMP,
  `modified_date` datetime DEFAULT CURRENT_TIMESTAMP,
  `time_end` datetime NOT NULL,
  `time_start` datetime NOT NULL,
  `appointment_id` bigint DEFAULT NULL,
  `doctor_id` bigint NOT NULL,
  PRIMARY KEY (`id`),
  KEY `time_slot_apmt_fk` (`appointment_id`),
  KEY `time_slot_doctor_fk` (`doctor_id`),
  CONSTRAINT `time_slot_apmt_fk` FOREIGN KEY (`appointment_id`) REFERENCES `appointments` (`id`),
  CONSTRAINT `time_slot_doctor_fk` FOREIGN KEY (`doctor_id`) REFERENCES `users` (`id`)
) ENGINE=InnoDB AUTO_INCREMENT=813 DEFAULT CHARSET=utf8mb4 COLLATE=utf8mb4_0900_ai_ci;
/*!40101 SET character_set_client = @saved_cs_client */;

--
-- Dumping data for table `time_slots`
--

LOCK TABLES `time_slots` WRITE;
/*!40000 ALTER TABLE `time_slots` DISABLE KEYS */;
INSERT INTO `time_slots` VALUES (1,'2022-06-15 19:33:14','2022-06-15 19:33:14','2022-06-16 16:00:00','2022-06-16 14:00:00',1,9),(2,'2022-06-15 19:33:14','2022-06-15 19:33:14','2022-06-20 10:00:00','2022-06-20 09:00:00',NULL,9),(3,'2022-06-15 19:33:14','2022-06-15 19:33:14','2022-06-20 11:30:00','2022-06-20 10:30:00',43,9),(4,'2022-06-15 19:33:14','2022-06-15 19:33:14','2022-06-20 14:30:00','2022-06-20 13:30:00',NULL,9),(5,'2022-06-15 19:33:14','2022-06-15 19:33:14','2022-06-21 11:00:00','2022-06-21 10:00:00',NULL,9),(6,'2022-06-15 19:33:14','2022-06-15 19:33:14','2022-06-23 16:00:00','2022-06-23 14:00:00',NULL,9),(7,'2022-06-15 19:33:14','2022-06-15 19:33:14','2022-06-27 10:00:00','2022-06-27 09:00:00',NULL,9),(8,'2022-06-15 19:33:14','2022-06-15 19:33:14','2022-06-27 11:30:00','2022-06-27 10:30:00',NULL,9),(9,'2022-06-15 19:33:14','2022-06-15 19:33:14','2022-06-27 14:30:00','2022-06-27 13:30:00',NULL,9),(10,'2022-06-15 19:33:14','2022-06-15 19:33:14','2022-06-28 11:00:00','2022-06-28 10:00:00',NULL,9),(11,'2022-06-15 19:59:14','2022-06-15 19:59:14','2022-06-16 18:30:00','2022-06-16 16:30:00',NULL,9),(12,'2022-06-15 19:59:14','2022-06-15 19:59:14','2022-06-17 19:00:00','2022-06-17 18:00:00',NULL,9),(13,'2022-06-15 19:59:14','2022-06-15 19:59:14','2022-06-17 21:00:00','2022-06-17 20:00:00',3,9),(14,'2022-06-15 19:59:14','2022-06-15 19:59:14','2022-06-18 10:30:00','2022-06-18 10:00:00',NULL,9),(15,'2022-06-15 19:59:14','2022-06-15 19:59:14','2022-06-22 10:00:00','2022-06-22 09:00:00',NULL,9),(16,'2022-06-15 19:59:14','2022-06-15 19:59:14','2022-06-22 16:00:00','2022-06-22 15:00:00',NULL,9),(17,'2022-06-15 19:59:14','2022-06-15 19:59:14','2022-06-23 18:30:00','2022-06-23 16:30:00',NULL,9),(18,'2022-06-15 19:59:14','2022-06-15 19:59:14','2022-06-24 19:00:00','2022-06-24 18:00:00',NULL,9),(19,'2022-06-15 19:59:14','2022-06-15 19:59:14','2022-06-24 21:00:00','2022-06-24 20:00:00',NULL,9),(20,'2022-06-15 19:59:14','2022-06-15 19:59:14','2022-06-25 10:30:00','2022-06-25 10:00:00',NULL,9),(21,'2022-06-15 19:59:14','2022-06-15 19:59:14','2022-06-29 10:00:00','2022-06-29 09:00:00',NULL,9),(22,'2022-06-15 19:59:14','2022-06-15 19:59:14','2022-06-29 16:00:00','2022-06-29 15:00:00',NULL,9),(23,'2022-06-16 18:52:11','2022-06-16 18:52:11','2022-06-30 16:00:00','2022-06-30 14:00:00',NULL,9),(24,'2022-06-16 18:52:11','2022-06-16 18:52:11','2022-06-30 18:30:00','2022-06-30 16:30:00',NULL,9),(25,'2022-06-17 00:17:17','2022-06-17 00:17:17','2022-06-20 10:00:00','2022-06-20 09:00:00',NULL,11),(26,'2022-06-17 00:17:17','2022-06-17 00:17:17','2022-06-27 10:00:00','2022-06-27 09:00:00',NULL,11),(27,'2022-06-17 00:17:17','2022-06-17 00:17:17','2022-07-01 19:00:00','2022-07-01 18:00:00',NULL,9),(28,'2022-06-17 00:17:17','2022-06-17 00:17:17','2022-07-01 21:00:00','2022-07-01 20:00:00',NULL,9),(39,'2022-06-17 13:10:05','2022-06-17 13:10:05','2022-06-20 12:00:00','2022-06-20 11:00:00',42,11),(40,'2022-06-17 13:10:05','2022-06-17 13:10:05','2022-06-27 12:00:00','2022-06-27 11:00:00',NULL,11),(41,'2022-06-17 13:13:03','2022-06-17 13:13:03','2022-06-20 14:00:00','2022-06-20 13:00:00',NULL,11),(42,'2022-06-17 13:13:03','2022-06-17 13:13:03','2022-06-27 14:00:00','2022-06-27 13:00:00',NULL,11),(43,'2022-06-17 14:22:43','2022-06-17 14:22:43','2022-06-17 10:00:00','2022-06-17 09:00:00',NULL,15),(44,'2022-06-17 14:22:43','2022-06-17 14:22:43','2022-06-17 11:30:00','2022-06-17 10:30:00',NULL,15),(45,'2022-06-17 14:22:43','2022-06-17 14:22:43','2022-06-17 14:00:00','2022-06-17 13:00:00',NULL,15),(46,'2022-06-17 14:22:43','2022-06-17 14:22:43','2022-06-17 15:30:00','2022-06-17 14:30:00',NULL,15),(47,'2022-06-17 14:22:43','2022-06-17 14:22:43','2022-06-17 17:00:00','2022-06-17 16:00:00',NULL,15),(48,'2022-06-17 14:22:43','2022-06-17 14:22:43','2022-06-17 10:00:00','2022-06-17 09:00:00',NULL,16),(49,'2022-06-17 14:22:43','2022-06-17 14:22:43','2022-06-17 11:30:00','2022-06-17 10:30:00',NULL,16),(50,'2022-06-17 14:22:43','2022-06-17 14:22:43','2022-06-17 14:00:00','2022-06-17 13:00:00',NULL,16),(51,'2022-06-17 14:22:43','2022-06-17 14:22:43','2022-06-17 15:30:00','2022-06-17 14:30:00',NULL,16),(52,'2022-06-17 14:22:43','2022-06-17 14:22:43','2022-06-17 17:00:00','2022-06-17 16:00:00',NULL,16),(53,'2022-06-17 14:22:43','2022-06-17 14:22:43','2022-06-17 10:00:00','2022-06-17 09:00:00',NULL,17),(54,'2022-06-17 14:22:43','2022-06-17 14:22:43','2022-06-17 11:30:00','2022-06-17 10:30:00',NULL,17),(55,'2022-06-17 14:22:43','2022-06-17 14:22:43','2022-06-17 14:00:00','2022-06-17 13:00:00',NULL,17),(56,'2022-06-17 14:22:43','2022-06-17 14:22:43','2022-06-17 15:30:00','2022-06-17 14:30:00',NULL,17),(57,'2022-06-17 14:22:43','2022-06-17 14:22:43','2022-06-17 17:00:00','2022-06-17 16:00:00',NULL,17),(58,'2022-06-17 14:22:43','2022-06-17 14:22:43','2022-06-17 10:00:00','2022-06-17 09:00:00',NULL,18),(59,'2022-06-17 14:22:43','2022-06-17 14:22:43','2022-06-17 11:30:00','2022-06-17 10:30:00',NULL,18),(60,'2022-06-17 14:22:43','2022-06-17 14:22:43','2022-06-17 14:00:00','2022-06-17 13:00:00',NULL,18),(61,'2022-06-17 14:22:43','2022-06-17 14:22:43','2022-06-17 15:30:00','2022-06-17 14:30:00',NULL,18),(62,'2022-06-17 14:22:43','2022-06-17 14:22:43','2022-06-17 17:00:00','2022-06-17 16:00:00',NULL,18),(63,'2022-06-17 14:22:43','2022-06-17 14:22:43','2022-06-17 10:00:00','2022-06-17 09:00:00',NULL,19),(64,'2022-06-17 14:22:43','2022-06-17 14:22:43','2022-06-17 11:30:00','2022-06-17 10:30:00',NULL,19),(65,'2022-06-17 14:22:43','2022-06-17 14:22:43','2022-06-17 14:00:00','2022-06-17 13:00:00',NULL,19),(66,'2022-06-17 14:22:43','2022-06-17 14:22:43','2022-06-17 15:30:00','2022-06-17 14:30:00',NULL,19),(67,'2022-06-17 14:22:43','2022-06-17 14:22:43','2022-06-17 17:00:00','2022-06-17 16:00:00',NULL,19),(68,'2022-06-17 14:22:43','2022-06-17 14:22:43','2022-06-17 10:00:00','2022-06-17 09:00:00',NULL,20),(69,'2022-06-17 14:22:43','2022-06-17 14:22:43','2022-06-17 11:30:00','2022-06-17 10:30:00',NULL,20),(70,'2022-06-17 14:22:43','2022-06-17 14:22:43','2022-06-17 14:00:00','2022-06-17 13:00:00',NULL,20),(71,'2022-06-17 14:22:43','2022-06-17 14:22:43','2022-06-17 15:30:00','2022-06-17 14:30:00',NULL,20),(72,'2022-06-17 14:22:43','2022-06-17 14:22:43','2022-06-17 17:00:00','2022-06-17 16:00:00',NULL,20),(73,'2022-06-17 14:22:43','2022-06-17 14:22:43','2022-06-17 10:00:00','2022-06-17 09:00:00',NULL,21),(74,'2022-06-17 14:22:43','2022-06-17 14:22:43','2022-06-17 11:30:00','2022-06-17 10:30:00',NULL,21),(75,'2022-06-17 14:22:43','2022-06-17 14:22:43','2022-06-17 14:00:00','2022-06-17 13:00:00',NULL,21),(76,'2022-06-17 14:22:43','2022-06-17 14:22:43','2022-06-17 15:30:00','2022-06-17 14:30:00',NULL,21),(77,'2022-06-17 14:22:43','2022-06-17 14:22:43','2022-06-17 17:00:00','2022-06-17 16:00:00',NULL,21),(78,'2022-06-17 14:22:43','2022-06-17 14:22:43','2022-06-17 10:00:00','2022-06-17 09:00:00',NULL,22),(79,'2022-06-17 14:22:43','2022-06-17 14:22:43','2022-06-17 11:30:00','2022-06-17 10:30:00',NULL,22),(80,'2022-06-17 14:22:43','2022-06-17 14:22:43','2022-06-17 14:00:00','2022-06-17 13:00:00',NULL,22),(81,'2022-06-17 14:22:43','2022-06-17 14:22:43','2022-06-17 15:30:00','2022-06-17 14:30:00',NULL,22),(82,'2022-06-17 14:22:43','2022-06-17 14:22:43','2022-06-17 17:00:00','2022-06-17 16:00:00',NULL,22),(83,'2022-06-17 14:22:43','2022-06-17 14:22:43','2022-06-17 10:00:00','2022-06-17 09:00:00',NULL,23),(84,'2022-06-17 14:22:43','2022-06-17 14:22:43','2022-06-17 11:30:00','2022-06-17 10:30:00',NULL,23),(85,'2022-06-17 14:22:43','2022-06-17 14:22:43','2022-06-17 14:00:00','2022-06-17 13:00:00',NULL,23),(86,'2022-06-17 14:22:43','2022-06-17 14:22:43','2022-06-17 15:30:00','2022-06-17 14:30:00',NULL,23),(87,'2022-06-17 14:22:43','2022-06-17 14:22:43','2022-06-17 17:00:00','2022-06-17 16:00:00',NULL,23),(88,'2022-06-17 14:22:43','2022-06-17 14:22:43','2022-06-17 10:00:00','2022-06-17 09:00:00',NULL,24),(89,'2022-06-17 14:22:43','2022-06-17 14:22:43','2022-06-17 11:30:00','2022-06-17 10:30:00',NULL,24),(90,'2022-06-17 14:22:43','2022-06-17 14:22:43','2022-06-17 14:00:00','2022-06-17 13:00:00',NULL,24),(91,'2022-06-17 14:22:43','2022-06-17 14:22:43','2022-06-17 15:30:00','2022-06-17 14:30:00',NULL,24),(92,'2022-06-17 14:22:43','2022-06-17 14:22:43','2022-06-17 17:00:00','2022-06-17 16:00:00',NULL,24),(93,'2022-06-17 14:22:43','2022-06-17 14:22:43','2022-06-17 10:00:00','2022-06-17 09:00:00',NULL,25),(94,'2022-06-17 14:22:43','2022-06-17 14:22:43','2022-06-17 11:30:00','2022-06-17 10:30:00',NULL,25),(95,'2022-06-17 14:22:43','2022-06-17 14:22:43','2022-06-17 14:00:00','2022-06-17 13:00:00',NULL,25),(96,'2022-06-17 14:22:43','2022-06-17 14:22:43','2022-06-17 15:30:00','2022-06-17 14:30:00',NULL,25),(97,'2022-06-17 14:22:43','2022-06-17 14:22:43','2022-06-17 17:00:00','2022-06-17 16:00:00',NULL,25),(98,'2022-06-17 14:22:43','2022-06-17 14:22:43','2022-06-18 10:00:00','2022-06-18 09:00:00',NULL,15),(99,'2022-06-17 14:22:43','2022-06-17 14:22:43','2022-06-18 11:30:00','2022-06-18 10:30:00',NULL,15),(100,'2022-06-17 14:22:43','2022-06-17 14:22:43','2022-06-18 14:00:00','2022-06-18 13:00:00',NULL,15),(101,'2022-06-17 14:22:43','2022-06-17 14:22:43','2022-06-18 15:30:00','2022-06-18 14:30:00',41,15),(102,'2022-06-17 14:22:43','2022-06-17 14:22:43','2022-06-18 17:00:00','2022-06-18 16:00:00',NULL,15),(103,'2022-06-17 14:22:43','2022-06-17 14:22:43','2022-06-18 10:00:00','2022-06-18 09:00:00',91,16),(104,'2022-06-17 14:22:43','2022-06-17 14:22:43','2022-06-18 11:30:00','2022-06-18 10:30:00',NULL,16),(105,'2022-06-17 14:22:43','2022-06-17 14:22:43','2022-06-18 14:00:00','2022-06-18 13:00:00',NULL,16),(106,'2022-06-17 14:22:43','2022-06-17 14:22:43','2022-06-18 15:30:00','2022-06-18 14:30:00',NULL,16),(107,'2022-06-17 14:22:43','2022-06-17 14:22:43','2022-06-18 17:00:00','2022-06-18 16:00:00',NULL,16),(108,'2022-06-17 14:22:43','2022-06-17 14:22:43','2022-06-18 10:00:00','2022-06-18 09:00:00',NULL,17),(109,'2022-06-17 14:22:43','2022-06-17 14:22:43','2022-06-18 11:30:00','2022-06-18 10:30:00',NULL,17),(110,'2022-06-17 14:22:43','2022-06-17 14:22:43','2022-06-18 14:00:00','2022-06-18 13:00:00',NULL,17),(111,'2022-06-17 14:22:43','2022-06-17 14:22:43','2022-06-18 15:30:00','2022-06-18 14:30:00',NULL,17),(112,'2022-06-17 14:22:43','2022-06-17 14:22:43','2022-06-18 17:00:00','2022-06-18 16:00:00',NULL,17),(113,'2022-06-17 14:22:43','2022-06-17 14:22:43','2022-06-18 10:00:00','2022-06-18 09:00:00',88,18),(114,'2022-06-17 14:22:43','2022-06-17 14:22:43','2022-06-18 11:30:00','2022-06-18 10:30:00',NULL,18),(115,'2022-06-17 14:22:43','2022-06-17 14:22:43','2022-06-18 14:00:00','2022-06-18 13:00:00',NULL,18),(116,'2022-06-17 14:22:43','2022-06-17 14:22:43','2022-06-18 15:30:00','2022-06-18 14:30:00',NULL,18),(117,'2022-06-17 14:22:43','2022-06-17 14:22:43','2022-06-18 17:00:00','2022-06-18 16:00:00',60,18),(118,'2022-06-17 14:22:43','2022-06-17 14:22:43','2022-06-18 10:00:00','2022-06-18 09:00:00',26,19),(119,'2022-06-17 14:22:43','2022-06-17 14:22:43','2022-06-18 11:30:00','2022-06-18 10:30:00',90,19),(120,'2022-06-17 14:22:43','2022-06-17 14:22:43','2022-06-18 14:00:00','2022-06-18 13:00:00',NULL,19),(121,'2022-06-17 14:22:43','2022-06-17 14:22:43','2022-06-18 15:30:00','2022-06-18 14:30:00',NULL,19),(122,'2022-06-17 14:22:43','2022-06-17 14:22:43','2022-06-18 17:00:00','2022-06-18 16:00:00',NULL,19),(123,'2022-06-17 14:22:43','2022-06-17 14:22:43','2022-06-18 10:00:00','2022-06-18 09:00:00',NULL,20),(124,'2022-06-17 14:22:43','2022-06-17 14:22:43','2022-06-18 11:30:00','2022-06-18 10:30:00',NULL,20),(125,'2022-06-17 14:22:43','2022-06-17 14:22:43','2022-06-18 14:00:00','2022-06-18 13:00:00',82,20),(126,'2022-06-17 14:22:43','2022-06-17 14:22:43','2022-06-18 15:30:00','2022-06-18 14:30:00',89,20),(127,'2022-06-17 14:22:43','2022-06-17 14:22:43','2022-06-18 17:00:00','2022-06-18 16:00:00',8,20),(128,'2022-06-17 14:22:43','2022-06-17 14:22:43','2022-06-18 10:00:00','2022-06-18 09:00:00',63,21),(129,'2022-06-17 14:22:43','2022-06-17 14:22:43','2022-06-18 11:30:00','2022-06-18 10:30:00',NULL,21),(130,'2022-06-17 14:22:43','2022-06-17 14:22:43','2022-06-18 14:00:00','2022-06-18 13:00:00',NULL,21),(131,'2022-06-17 14:22:43','2022-06-17 14:22:43','2022-06-18 15:30:00','2022-06-18 14:30:00',33,21),(132,'2022-06-17 14:22:43','2022-06-17 14:22:43','2022-06-18 17:00:00','2022-06-18 16:00:00',NULL,21),(133,'2022-06-17 14:22:43','2022-06-17 14:22:43','2022-06-18 10:00:00','2022-06-18 09:00:00',85,22),(134,'2022-06-17 14:22:43','2022-06-17 14:22:43','2022-06-18 11:30:00','2022-06-18 10:30:00',NULL,22),(135,'2022-06-17 14:22:43','2022-06-17 14:22:43','2022-06-18 14:00:00','2022-06-18 13:00:00',NULL,22),(136,'2022-06-17 14:22:43','2022-06-17 14:22:43','2022-06-18 15:30:00','2022-06-18 14:30:00',NULL,22),(137,'2022-06-17 14:22:43','2022-06-17 14:22:43','2022-06-18 17:00:00','2022-06-18 16:00:00',10,22),(138,'2022-06-17 14:22:43','2022-06-17 14:22:43','2022-06-18 10:00:00','2022-06-18 09:00:00',NULL,23),(139,'2022-06-17 14:22:43','2022-06-17 14:22:43','2022-06-18 11:30:00','2022-06-18 10:30:00',NULL,23),(140,'2022-06-17 14:22:43','2022-06-17 14:22:43','2022-06-18 14:00:00','2022-06-18 13:00:00',79,23),(141,'2022-06-17 14:22:43','2022-06-17 14:22:43','2022-06-18 15:30:00','2022-06-18 14:30:00',17,23),(142,'2022-06-17 14:22:43','2022-06-17 14:22:43','2022-06-18 17:00:00','2022-06-18 16:00:00',NULL,23),(143,'2022-06-17 14:22:43','2022-06-17 14:22:43','2022-06-18 10:00:00','2022-06-18 09:00:00',78,24),(144,'2022-06-17 14:22:43','2022-06-17 14:22:43','2022-06-18 11:30:00','2022-06-18 10:30:00',NULL,24),(145,'2022-06-17 14:22:43','2022-06-17 14:22:43','2022-06-18 14:00:00','2022-06-18 13:00:00',64,24),(146,'2022-06-17 14:22:43','2022-06-17 14:22:43','2022-06-18 15:30:00','2022-06-18 14:30:00',NULL,24),(147,'2022-06-17 14:22:43','2022-06-17 14:22:43','2022-06-18 17:00:00','2022-06-18 16:00:00',NULL,24),(148,'2022-06-17 14:22:43','2022-06-17 14:22:43','2022-06-18 10:00:00','2022-06-18 09:00:00',NULL,25),(149,'2022-06-17 14:22:43','2022-06-17 14:22:43','2022-06-18 11:30:00','2022-06-18 10:30:00',NULL,25),(150,'2022-06-17 14:22:43','2022-06-17 14:22:43','2022-06-18 14:00:00','2022-06-18 13:00:00',NULL,25),(151,'2022-06-17 14:22:43','2022-06-17 14:22:43','2022-06-18 15:30:00','2022-06-18 14:30:00',46,25),(152,'2022-06-17 14:22:43','2022-06-17 14:22:43','2022-06-18 17:00:00','2022-06-18 16:00:00',NULL,25),(153,'2022-06-17 14:22:43','2022-06-17 14:22:43','2022-06-19 10:00:00','2022-06-19 09:00:00',NULL,15),(154,'2022-06-17 14:22:43','2022-06-17 14:22:43','2022-06-19 11:30:00','2022-06-19 10:30:00',NULL,15),(155,'2022-06-17 14:22:43','2022-06-17 14:22:43','2022-06-19 14:00:00','2022-06-19 13:00:00',75,15),(156,'2022-06-17 14:22:43','2022-06-17 14:22:43','2022-06-19 15:30:00','2022-06-19 14:30:00',NULL,15),(157,'2022-06-17 14:22:43','2022-06-17 14:22:43','2022-06-19 17:00:00','2022-06-19 16:00:00',NULL,15),(158,'2022-06-17 14:22:43','2022-06-17 14:22:43','2022-06-19 10:00:00','2022-06-19 09:00:00',NULL,16),(159,'2022-06-17 14:22:43','2022-06-17 14:22:43','2022-06-19 11:30:00','2022-06-19 10:30:00',74,16),(160,'2022-06-17 14:22:43','2022-06-17 14:22:43','2022-06-19 14:00:00','2022-06-19 13:00:00',NULL,16),(161,'2022-06-17 14:22:43','2022-06-17 14:22:43','2022-06-19 15:30:00','2022-06-19 14:30:00',NULL,16),(162,'2022-06-17 14:22:43','2022-06-17 14:22:43','2022-06-19 17:00:00','2022-06-19 16:00:00',NULL,16),(163,'2022-06-17 14:22:43','2022-06-17 14:22:43','2022-06-19 10:00:00','2022-06-19 09:00:00',NULL,17),(164,'2022-06-17 14:22:43','2022-06-17 14:22:43','2022-06-19 11:30:00','2022-06-19 10:30:00',38,17),(165,'2022-06-17 14:22:43','2022-06-17 14:22:43','2022-06-19 14:00:00','2022-06-19 13:00:00',NULL,17),(166,'2022-06-17 14:22:43','2022-06-17 14:22:43','2022-06-19 15:30:00','2022-06-19 14:30:00',73,17),(167,'2022-06-17 14:22:43','2022-06-17 14:22:43','2022-06-19 17:00:00','2022-06-19 16:00:00',NULL,17),(168,'2022-06-17 14:22:43','2022-06-17 14:22:43','2022-06-19 10:00:00','2022-06-19 09:00:00',NULL,18),(169,'2022-06-17 14:22:43','2022-06-17 14:22:43','2022-06-19 11:30:00','2022-06-19 10:30:00',37,18),(170,'2022-06-17 14:22:43','2022-06-17 14:22:43','2022-06-19 14:00:00','2022-06-19 13:00:00',NULL,18),(171,'2022-06-17 14:22:43','2022-06-17 14:22:43','2022-06-19 15:30:00','2022-06-19 14:30:00',NULL,18),(172,'2022-06-17 14:22:43','2022-06-17 14:22:43','2022-06-19 17:00:00','2022-06-19 16:00:00',NULL,18),(173,'2022-06-17 14:22:43','2022-06-17 14:22:43','2022-06-19 10:00:00','2022-06-19 09:00:00',NULL,19),(174,'2022-06-17 14:22:43','2022-06-17 14:22:43','2022-06-19 11:30:00','2022-06-19 10:30:00',NULL,19),(175,'2022-06-17 14:22:43','2022-06-17 14:22:43','2022-06-19 14:00:00','2022-06-19 13:00:00',NULL,19),(176,'2022-06-17 14:22:43','2022-06-17 14:22:43','2022-06-19 15:30:00','2022-06-19 14:30:00',NULL,19),(177,'2022-06-17 14:22:43','2022-06-17 14:22:43','2022-06-19 17:00:00','2022-06-19 16:00:00',59,19),(178,'2022-06-17 14:22:43','2022-06-17 14:22:43','2022-06-19 10:00:00','2022-06-19 09:00:00',NULL,20),(179,'2022-06-17 14:22:43','2022-06-17 14:22:43','2022-06-19 11:30:00','2022-06-19 10:30:00',NULL,20),(180,'2022-06-17 14:22:43','2022-06-17 14:22:43','2022-06-19 14:00:00','2022-06-19 13:00:00',21,20),(181,'2022-06-17 14:22:43','2022-06-17 14:22:43','2022-06-19 15:30:00','2022-06-19 14:30:00',NULL,20),(182,'2022-06-17 14:22:43','2022-06-17 14:22:43','2022-06-19 17:00:00','2022-06-19 16:00:00',NULL,20),(183,'2022-06-17 14:22:43','2022-06-17 14:22:43','2022-06-19 10:00:00','2022-06-19 09:00:00',81,21),(184,'2022-06-17 14:22:43','2022-06-17 14:22:43','2022-06-19 11:30:00','2022-06-19 10:30:00',NULL,21),(185,'2022-06-17 14:22:43','2022-06-17 14:22:43','2022-06-19 14:00:00','2022-06-19 13:00:00',32,21),(186,'2022-06-17 14:22:43','2022-06-17 14:22:43','2022-06-19 15:30:00','2022-06-19 14:30:00',NULL,21),(187,'2022-06-17 14:22:43','2022-06-17 14:22:43','2022-06-19 17:00:00','2022-06-19 16:00:00',NULL,21),(188,'2022-06-17 14:22:43','2022-06-17 14:22:43','2022-06-19 10:00:00','2022-06-19 09:00:00',18,22),(189,'2022-06-17 14:22:43','2022-06-17 14:22:43','2022-06-19 11:30:00','2022-06-19 10:30:00',NULL,22),(190,'2022-06-17 14:22:43','2022-06-17 14:22:43','2022-06-19 14:00:00','2022-06-19 13:00:00',NULL,22),(191,'2022-06-17 14:22:43','2022-06-17 14:22:43','2022-06-19 15:30:00','2022-06-19 14:30:00',NULL,22),(192,'2022-06-17 14:22:43','2022-06-17 14:22:43','2022-06-19 17:00:00','2022-06-19 16:00:00',NULL,22),(193,'2022-06-17 14:22:43','2022-06-17 14:22:43','2022-06-19 10:00:00','2022-06-19 09:00:00',86,23),(194,'2022-06-17 14:22:43','2022-06-17 14:22:43','2022-06-19 11:30:00','2022-06-19 10:30:00',30,23),(195,'2022-06-17 14:22:43','2022-06-17 14:22:43','2022-06-19 14:00:00','2022-06-19 13:00:00',48,23),(196,'2022-06-17 14:22:43','2022-06-17 14:22:43','2022-06-19 15:30:00','2022-06-19 14:30:00',NULL,23),(197,'2022-06-17 14:22:43','2022-06-17 14:22:43','2022-06-19 17:00:00','2022-06-19 16:00:00',NULL,23),(198,'2022-06-17 14:22:43','2022-06-17 14:22:43','2022-06-19 10:00:00','2022-06-19 09:00:00',NULL,24),(199,'2022-06-17 14:22:43','2022-06-17 14:22:43','2022-06-19 11:30:00','2022-06-19 10:30:00',16,24),(200,'2022-06-17 14:22:43','2022-06-17 14:22:43','2022-06-19 14:00:00','2022-06-19 13:00:00',NULL,24),(201,'2022-06-17 14:22:43','2022-06-17 14:22:43','2022-06-19 15:30:00','2022-06-19 14:30:00',NULL,24),(202,'2022-06-17 14:22:43','2022-06-17 14:22:43','2022-06-19 17:00:00','2022-06-19 16:00:00',NULL,24),(203,'2022-06-17 14:22:43','2022-06-17 14:22:43','2022-06-19 10:00:00','2022-06-19 09:00:00',25,25),(204,'2022-06-17 14:22:43','2022-06-17 14:22:43','2022-06-19 11:30:00','2022-06-19 10:30:00',NULL,25),(205,'2022-06-17 14:22:43','2022-06-17 14:22:43','2022-06-19 14:00:00','2022-06-19 13:00:00',NULL,25),(206,'2022-06-17 14:22:43','2022-06-17 14:22:43','2022-06-19 15:30:00','2022-06-19 14:30:00',62,25),(207,'2022-06-17 14:22:43','2022-06-17 14:22:43','2022-06-19 17:00:00','2022-06-19 16:00:00',NULL,25),(208,'2022-06-17 14:22:44','2022-06-17 14:22:44','2022-06-20 10:00:00','2022-06-20 09:00:00',NULL,15),(209,'2022-06-17 14:22:44','2022-06-17 14:22:44','2022-06-20 11:30:00','2022-06-20 10:30:00',NULL,15),(210,'2022-06-17 14:22:44','2022-06-17 14:22:44','2022-06-20 14:00:00','2022-06-20 13:00:00',NULL,15),(211,'2022-06-17 14:22:44','2022-06-17 14:22:44','2022-06-20 15:30:00','2022-06-20 14:30:00',NULL,15),(212,'2022-06-17 14:22:44','2022-06-17 14:22:44','2022-06-20 17:00:00','2022-06-20 16:00:00',NULL,15),(213,'2022-06-17 14:22:44','2022-06-17 14:22:44','2022-06-20 10:00:00','2022-06-20 09:00:00',55,16),(214,'2022-06-17 14:22:44','2022-06-17 14:22:44','2022-06-20 11:30:00','2022-06-20 10:30:00',NULL,16),(215,'2022-06-17 14:22:44','2022-06-17 14:22:44','2022-06-20 14:00:00','2022-06-20 13:00:00',NULL,16),(216,'2022-06-17 14:22:44','2022-06-17 14:22:44','2022-06-20 15:30:00','2022-06-20 14:30:00',NULL,16),(217,'2022-06-17 14:22:44','2022-06-17 14:22:44','2022-06-20 17:00:00','2022-06-20 16:00:00',39,16),(218,'2022-06-17 14:22:44','2022-06-17 14:22:44','2022-06-20 10:00:00','2022-06-20 09:00:00',NULL,17),(219,'2022-06-17 14:22:44','2022-06-17 14:22:44','2022-06-20 11:30:00','2022-06-20 10:30:00',54,17),(220,'2022-06-17 14:22:44','2022-06-17 14:22:44','2022-06-20 14:00:00','2022-06-20 13:00:00',NULL,17),(221,'2022-06-17 14:22:44','2022-06-17 14:22:44','2022-06-20 15:30:00','2022-06-20 14:30:00',NULL,17),(222,'2022-06-17 14:22:44','2022-06-17 14:22:44','2022-06-20 17:00:00','2022-06-20 16:00:00',NULL,17),(223,'2022-06-17 14:22:44','2022-06-17 14:22:44','2022-06-20 10:00:00','2022-06-20 09:00:00',NULL,18),(224,'2022-06-17 14:22:44','2022-06-17 14:22:44','2022-06-20 11:30:00','2022-06-20 10:30:00',71,18),(225,'2022-06-17 14:22:44','2022-06-17 14:22:44','2022-06-20 14:00:00','2022-06-20 13:00:00',53,18),(226,'2022-06-17 14:22:44','2022-06-17 14:22:44','2022-06-20 15:30:00','2022-06-20 14:30:00',NULL,18),(227,'2022-06-17 14:22:44','2022-06-17 14:22:44','2022-06-20 17:00:00','2022-06-20 16:00:00',NULL,18),(228,'2022-06-17 14:22:44','2022-06-17 14:22:44','2022-06-20 10:00:00','2022-06-20 09:00:00',52,19),(229,'2022-06-17 14:22:44','2022-06-17 14:22:44','2022-06-20 11:30:00','2022-06-20 10:30:00',NULL,19),(230,'2022-06-17 14:22:44','2022-06-17 14:22:44','2022-06-20 14:00:00','2022-06-20 13:00:00',70,19),(231,'2022-06-17 14:22:44','2022-06-17 14:22:44','2022-06-20 15:30:00','2022-06-20 14:30:00',NULL,19),(232,'2022-06-17 14:22:44','2022-06-17 14:22:44','2022-06-20 17:00:00','2022-06-20 16:00:00',NULL,19),(233,'2022-06-17 14:22:44','2022-06-17 14:22:44','2022-06-20 10:00:00','2022-06-20 09:00:00',NULL,20),(234,'2022-06-17 14:22:44','2022-06-17 14:22:44','2022-06-20 11:30:00','2022-06-20 10:30:00',69,20),(235,'2022-06-17 14:22:44','2022-06-17 14:22:44','2022-06-20 14:00:00','2022-06-20 13:00:00',NULL,20),(236,'2022-06-17 14:22:44','2022-06-17 14:22:44','2022-06-20 15:30:00','2022-06-20 14:30:00',NULL,20),(237,'2022-06-17 14:22:44','2022-06-17 14:22:44','2022-06-20 17:00:00','2022-06-20 16:00:00',51,20),(238,'2022-06-17 14:22:44','2022-06-17 14:22:44','2022-06-20 10:00:00','2022-06-20 09:00:00',NULL,21),(239,'2022-06-17 14:22:44','2022-06-17 14:22:44','2022-06-20 11:30:00','2022-06-20 10:30:00',68,21),(240,'2022-06-17 14:22:44','2022-06-17 14:22:44','2022-06-20 14:00:00','2022-06-20 13:00:00',NULL,21),(241,'2022-06-17 14:22:44','2022-06-17 14:22:44','2022-06-20 15:30:00','2022-06-20 14:30:00',NULL,21),(242,'2022-06-17 14:22:44','2022-06-17 14:22:44','2022-06-20 17:00:00','2022-06-20 16:00:00',23,21),(243,'2022-06-17 14:22:44','2022-06-17 14:22:44','2022-06-20 10:00:00','2022-06-20 09:00:00',NULL,22),(244,'2022-06-17 14:22:44','2022-06-17 14:22:44','2022-06-20 11:30:00','2022-06-20 10:30:00',NULL,22),(245,'2022-06-17 14:22:44','2022-06-17 14:22:44','2022-06-20 14:00:00','2022-06-20 13:00:00',31,22),(246,'2022-06-17 14:22:44','2022-06-17 14:22:44','2022-06-20 15:30:00','2022-06-20 14:30:00',NULL,22),(247,'2022-06-17 14:22:44','2022-06-17 14:22:44','2022-06-20 17:00:00','2022-06-20 16:00:00',NULL,22),(248,'2022-06-17 14:22:44','2022-06-17 14:22:44','2022-06-20 10:00:00','2022-06-20 09:00:00',NULL,23),(249,'2022-06-17 14:22:44','2022-06-17 14:22:44','2022-06-20 11:30:00','2022-06-20 10:30:00',NULL,23),(250,'2022-06-17 14:22:44','2022-06-17 14:22:44','2022-06-20 14:00:00','2022-06-20 13:00:00',NULL,23),(251,'2022-06-17 14:22:44','2022-06-17 14:22:44','2022-06-20 15:30:00','2022-06-20 14:30:00',65,23),(252,'2022-06-17 14:22:44','2022-06-17 14:22:44','2022-06-20 17:00:00','2022-06-20 16:00:00',NULL,23),(253,'2022-06-17 14:22:44','2022-06-17 14:22:44','2022-06-20 10:00:00','2022-06-20 09:00:00',NULL,24),(254,'2022-06-17 14:22:44','2022-06-17 14:22:44','2022-06-20 11:30:00','2022-06-20 10:30:00',NULL,24),(255,'2022-06-17 14:22:44','2022-06-17 14:22:44','2022-06-20 14:00:00','2022-06-20 13:00:00',29,24),(256,'2022-06-17 14:22:44','2022-06-17 14:22:44','2022-06-20 15:30:00','2022-06-20 14:30:00',NULL,24),(257,'2022-06-17 14:22:44','2022-06-17 14:22:44','2022-06-20 17:00:00','2022-06-20 16:00:00',47,24),(258,'2022-06-17 14:22:44','2022-06-17 14:22:44','2022-06-20 10:00:00','2022-06-20 09:00:00',NULL,25),(259,'2022-06-17 14:22:44','2022-06-17 14:22:44','2022-06-20 11:30:00','2022-06-20 10:30:00',NULL,25),(260,'2022-06-17 14:22:44','2022-06-17 14:22:44','2022-06-20 14:00:00','2022-06-20 13:00:00',27,25),(261,'2022-06-17 14:22:44','2022-06-17 14:22:44','2022-06-20 15:30:00','2022-06-20 14:30:00',NULL,25),(262,'2022-06-17 14:22:44','2022-06-17 14:22:44','2022-06-20 17:00:00','2022-06-20 16:00:00',NULL,25),(263,'2022-06-17 14:22:44','2022-06-17 14:22:44','2022-06-21 10:00:00','2022-06-21 09:00:00',NULL,15),(264,'2022-06-17 14:22:44','2022-06-17 14:22:44','2022-06-21 11:30:00','2022-06-21 10:30:00',NULL,15),(265,'2022-06-17 14:22:44','2022-06-17 14:22:44','2022-06-21 14:00:00','2022-06-21 13:00:00',56,15),(266,'2022-06-17 14:22:44','2022-06-17 14:22:44','2022-06-21 15:30:00','2022-06-21 14:30:00',NULL,15),(267,'2022-06-17 14:22:44','2022-06-17 14:22:44','2022-06-21 17:00:00','2022-06-21 16:00:00',NULL,15),(268,'2022-06-17 14:22:44','2022-06-17 14:22:44','2022-06-21 10:00:00','2022-06-21 09:00:00',NULL,16),(269,'2022-06-17 14:22:44','2022-06-17 14:22:44','2022-06-21 11:30:00','2022-06-21 10:30:00',NULL,16),(270,'2022-06-17 14:22:44','2022-06-17 14:22:44','2022-06-21 14:00:00','2022-06-21 13:00:00',NULL,16),(271,'2022-06-17 14:22:44','2022-06-17 14:22:44','2022-06-21 15:30:00','2022-06-21 14:30:00',NULL,16),(272,'2022-06-17 14:22:44','2022-06-17 14:22:44','2022-06-21 17:00:00','2022-06-21 16:00:00',NULL,16),(273,'2022-06-17 14:22:44','2022-06-17 14:22:44','2022-06-21 10:00:00','2022-06-21 09:00:00',14,17),(274,'2022-06-17 14:22:44','2022-06-17 14:22:44','2022-06-21 11:30:00','2022-06-21 10:30:00',NULL,17),(275,'2022-06-17 14:22:44','2022-06-17 14:22:44','2022-06-21 14:00:00','2022-06-21 13:00:00',NULL,17),(276,'2022-06-17 14:22:44','2022-06-17 14:22:44','2022-06-21 15:30:00','2022-06-21 14:30:00',NULL,17),(277,'2022-06-17 14:22:44','2022-06-17 14:22:44','2022-06-21 17:00:00','2022-06-21 16:00:00',NULL,17),(278,'2022-06-17 14:22:44','2022-06-17 14:22:44','2022-06-21 10:00:00','2022-06-21 09:00:00',NULL,18),(279,'2022-06-17 14:22:44','2022-06-17 14:22:44','2022-06-21 11:30:00','2022-06-21 10:30:00',NULL,18),(280,'2022-06-17 14:22:44','2022-06-17 14:22:44','2022-06-21 14:00:00','2022-06-21 13:00:00',NULL,18),(281,'2022-06-17 14:22:44','2022-06-17 14:22:44','2022-06-21 15:30:00','2022-06-21 14:30:00',NULL,18),(282,'2022-06-17 14:22:44','2022-06-17 14:22:44','2022-06-21 17:00:00','2022-06-21 16:00:00',44,18),(283,'2022-06-17 14:22:44','2022-06-17 14:22:44','2022-06-21 10:00:00','2022-06-21 09:00:00',7,19),(284,'2022-06-17 14:22:44','2022-06-17 14:22:44','2022-06-21 11:30:00','2022-06-21 10:30:00',NULL,19),(285,'2022-06-17 14:22:44','2022-06-17 14:22:44','2022-06-21 14:00:00','2022-06-21 13:00:00',NULL,19),(286,'2022-06-17 14:22:44','2022-06-17 14:22:44','2022-06-21 15:30:00','2022-06-21 14:30:00',NULL,19),(287,'2022-06-17 14:22:44','2022-06-17 14:22:44','2022-06-21 17:00:00','2022-06-21 16:00:00',NULL,19),(288,'2022-06-17 14:22:44','2022-06-17 14:22:44','2022-06-21 10:00:00','2022-06-21 09:00:00',NULL,20),(289,'2022-06-17 14:22:44','2022-06-17 14:22:44','2022-06-21 11:30:00','2022-06-21 10:30:00',35,20),(290,'2022-06-17 14:22:44','2022-06-17 14:22:44','2022-06-21 14:00:00','2022-06-21 13:00:00',NULL,20),(291,'2022-06-17 14:22:44','2022-06-17 14:22:44','2022-06-21 15:30:00','2022-06-21 14:30:00',NULL,20),(292,'2022-06-17 14:22:44','2022-06-17 14:22:44','2022-06-21 17:00:00','2022-06-21 16:00:00',NULL,20),(293,'2022-06-17 14:22:44','2022-06-17 14:22:44','2022-06-21 10:00:00','2022-06-21 09:00:00',NULL,21),(294,'2022-06-17 14:22:44','2022-06-17 14:22:44','2022-06-21 11:30:00','2022-06-21 10:30:00',NULL,21),(295,'2022-06-17 14:22:44','2022-06-17 14:22:44','2022-06-21 14:00:00','2022-06-21 13:00:00',NULL,21),(296,'2022-06-17 14:22:44','2022-06-17 14:22:44','2022-06-21 15:30:00','2022-06-21 14:30:00',NULL,21),(297,'2022-06-17 14:22:44','2022-06-17 14:22:44','2022-06-21 17:00:00','2022-06-21 16:00:00',NULL,21),(298,'2022-06-17 14:22:44','2022-06-17 14:22:44','2022-06-21 10:00:00','2022-06-21 09:00:00',80,22),(299,'2022-06-17 14:22:44','2022-06-17 14:22:44','2022-06-21 11:30:00','2022-06-21 10:30:00',66,22),(300,'2022-06-17 14:22:44','2022-06-17 14:22:44','2022-06-21 14:00:00','2022-06-21 13:00:00',49,22),(301,'2022-06-17 14:22:44','2022-06-17 14:22:44','2022-06-21 15:30:00','2022-06-21 14:30:00',NULL,22),(302,'2022-06-17 14:22:44','2022-06-17 14:22:44','2022-06-21 17:00:00','2022-06-21 16:00:00',NULL,22),(303,'2022-06-17 14:22:44','2022-06-17 14:22:44','2022-06-21 10:00:00','2022-06-21 09:00:00',NULL,23),(304,'2022-06-17 14:22:44','2022-06-17 14:22:44','2022-06-21 11:30:00','2022-06-21 10:30:00',NULL,23),(305,'2022-06-17 14:22:44','2022-06-17 14:22:44','2022-06-21 14:00:00','2022-06-21 13:00:00',NULL,23),(306,'2022-06-17 14:22:44','2022-06-17 14:22:44','2022-06-21 15:30:00','2022-06-21 14:30:00',NULL,23),(307,'2022-06-17 14:22:44','2022-06-17 14:22:44','2022-06-21 17:00:00','2022-06-21 16:00:00',NULL,23),(308,'2022-06-17 14:22:44','2022-06-17 14:22:44','2022-06-21 10:00:00','2022-06-21 09:00:00',5,24),(309,'2022-06-17 14:22:44','2022-06-17 14:22:44','2022-06-21 11:30:00','2022-06-21 10:30:00',NULL,24),(310,'2022-06-17 14:22:44','2022-06-17 14:22:44','2022-06-21 14:00:00','2022-06-21 13:00:00',NULL,24),(311,'2022-06-17 14:22:44','2022-06-17 14:22:44','2022-06-21 15:30:00','2022-06-21 14:30:00',28,24),(312,'2022-06-17 14:22:44','2022-06-17 14:22:44','2022-06-21 17:00:00','2022-06-21 16:00:00',NULL,24),(313,'2022-06-17 14:22:44','2022-06-17 14:22:44','2022-06-21 10:00:00','2022-06-21 09:00:00',NULL,25),(314,'2022-06-17 14:22:44','2022-06-17 14:22:44','2022-06-21 11:30:00','2022-06-21 10:30:00',NULL,25),(315,'2022-06-17 14:22:44','2022-06-17 14:22:44','2022-06-21 14:00:00','2022-06-21 13:00:00',NULL,25),(316,'2022-06-17 14:22:44','2022-06-17 14:22:44','2022-06-21 15:30:00','2022-06-21 14:30:00',NULL,25),(317,'2022-06-17 14:22:44','2022-06-17 14:22:44','2022-06-21 17:00:00','2022-06-21 16:00:00',NULL,25),(318,'2022-06-17 14:22:44','2022-06-17 14:22:44','2022-06-22 10:00:00','2022-06-22 09:00:00',NULL,15),(319,'2022-06-17 14:22:44','2022-06-17 14:22:44','2022-06-22 11:30:00','2022-06-22 10:30:00',NULL,15),(320,'2022-06-17 14:22:44','2022-06-17 14:22:44','2022-06-22 14:00:00','2022-06-22 13:00:00',NULL,15),(321,'2022-06-17 14:22:44','2022-06-17 14:22:44','2022-06-22 15:30:00','2022-06-22 14:30:00',NULL,15),(322,'2022-06-17 14:22:44','2022-06-17 14:22:44','2022-06-22 17:00:00','2022-06-22 16:00:00',NULL,15),(323,'2022-06-17 14:22:44','2022-06-17 14:22:44','2022-06-22 10:00:00','2022-06-22 09:00:00',NULL,16),(324,'2022-06-17 14:22:44','2022-06-17 14:22:44','2022-06-22 11:30:00','2022-06-22 10:30:00',NULL,16),(325,'2022-06-17 14:22:44','2022-06-17 14:22:44','2022-06-22 14:00:00','2022-06-22 13:00:00',11,16),(326,'2022-06-17 14:22:44','2022-06-17 14:22:44','2022-06-22 15:30:00','2022-06-22 14:30:00',NULL,16),(327,'2022-06-17 14:22:44','2022-06-17 14:22:44','2022-06-22 17:00:00','2022-06-22 16:00:00',NULL,16),(328,'2022-06-17 14:22:44','2022-06-17 14:22:44','2022-06-22 10:00:00','2022-06-22 09:00:00',NULL,17),(329,'2022-06-17 14:22:44','2022-06-17 14:22:44','2022-06-22 11:30:00','2022-06-22 10:30:00',NULL,17),(330,'2022-06-17 14:22:44','2022-06-17 14:22:44','2022-06-22 14:00:00','2022-06-22 13:00:00',NULL,17),(331,'2022-06-17 14:22:44','2022-06-17 14:22:44','2022-06-22 15:30:00','2022-06-22 14:30:00',45,17),(332,'2022-06-17 14:22:44','2022-06-17 14:22:44','2022-06-22 17:00:00','2022-06-22 16:00:00',NULL,17),(333,'2022-06-17 14:22:44','2022-06-17 14:22:44','2022-06-22 10:00:00','2022-06-22 09:00:00',NULL,18),(334,'2022-06-17 14:22:44','2022-06-17 14:22:44','2022-06-22 11:30:00','2022-06-22 10:30:00',NULL,18),(335,'2022-06-17 14:22:44','2022-06-17 14:22:44','2022-06-22 14:00:00','2022-06-22 13:00:00',NULL,18),(336,'2022-06-17 14:22:44','2022-06-17 14:22:44','2022-06-22 15:30:00','2022-06-22 14:30:00',NULL,18),(337,'2022-06-17 14:22:44','2022-06-17 14:22:44','2022-06-22 17:00:00','2022-06-22 16:00:00',NULL,18),(338,'2022-06-17 14:22:44','2022-06-17 14:22:44','2022-06-22 10:00:00','2022-06-22 09:00:00',NULL,19),(339,'2022-06-17 14:22:44','2022-06-17 14:22:44','2022-06-22 11:30:00','2022-06-22 10:30:00',36,19),(340,'2022-06-17 14:22:44','2022-06-17 14:22:44','2022-06-22 14:00:00','2022-06-22 13:00:00',NULL,19),(341,'2022-06-17 14:22:44','2022-06-17 14:22:44','2022-06-22 15:30:00','2022-06-22 14:30:00',NULL,19),(342,'2022-06-17 14:22:44','2022-06-17 14:22:44','2022-06-22 17:00:00','2022-06-22 16:00:00',NULL,19),(343,'2022-06-17 14:22:44','2022-06-17 14:22:44','2022-06-22 10:00:00','2022-06-22 09:00:00',NULL,20),(344,'2022-06-17 14:22:44','2022-06-17 14:22:44','2022-06-22 11:30:00','2022-06-22 10:30:00',58,20),(345,'2022-06-17 14:22:44','2022-06-17 14:22:44','2022-06-22 14:00:00','2022-06-22 13:00:00',NULL,20),(346,'2022-06-17 14:22:44','2022-06-17 14:22:44','2022-06-22 15:30:00','2022-06-22 14:30:00',NULL,20),(347,'2022-06-17 14:22:44','2022-06-17 14:22:44','2022-06-22 17:00:00','2022-06-22 16:00:00',NULL,20),(348,'2022-06-17 14:22:44','2022-06-17 14:22:44','2022-06-22 10:00:00','2022-06-22 09:00:00',NULL,21),(349,'2022-06-17 14:22:44','2022-06-17 14:22:44','2022-06-22 11:30:00','2022-06-22 10:30:00',13,21),(350,'2022-06-17 14:22:44','2022-06-17 14:22:44','2022-06-22 14:00:00','2022-06-22 13:00:00',NULL,21),(351,'2022-06-17 14:22:44','2022-06-17 14:22:44','2022-06-22 15:30:00','2022-06-22 14:30:00',NULL,21),(352,'2022-06-17 14:22:44','2022-06-17 14:22:44','2022-06-22 17:00:00','2022-06-22 16:00:00',40,21),(353,'2022-06-17 14:22:44','2022-06-17 14:22:44','2022-06-22 10:00:00','2022-06-22 09:00:00',57,22),(354,'2022-06-17 14:22:44','2022-06-17 14:22:44','2022-06-22 11:30:00','2022-06-22 10:30:00',NULL,22),(355,'2022-06-17 14:22:44','2022-06-17 14:22:44','2022-06-22 14:00:00','2022-06-22 13:00:00',NULL,22),(356,'2022-06-17 14:22:44','2022-06-17 14:22:44','2022-06-22 15:30:00','2022-06-22 14:30:00',NULL,22),(357,'2022-06-17 14:22:44','2022-06-17 14:22:44','2022-06-22 17:00:00','2022-06-22 16:00:00',NULL,22),(358,'2022-06-17 14:22:44','2022-06-17 14:22:44','2022-06-22 10:00:00','2022-06-22 09:00:00',34,23),(359,'2022-06-17 14:22:44','2022-06-17 14:22:44','2022-06-22 11:30:00','2022-06-22 10:30:00',NULL,23),(360,'2022-06-17 14:22:44','2022-06-17 14:22:44','2022-06-22 14:00:00','2022-06-22 13:00:00',NULL,23),(361,'2022-06-17 14:22:44','2022-06-17 14:22:44','2022-06-22 15:30:00','2022-06-22 14:30:00',9,23),(362,'2022-06-17 14:22:44','2022-06-17 14:22:44','2022-06-22 17:00:00','2022-06-22 16:00:00',NULL,23),(363,'2022-06-17 14:22:44','2022-06-17 14:22:44','2022-06-22 10:00:00','2022-06-22 09:00:00',NULL,24),(364,'2022-06-17 14:22:44','2022-06-17 14:22:44','2022-06-22 11:30:00','2022-06-22 10:30:00',NULL,24),(365,'2022-06-17 14:22:44','2022-06-17 14:22:44','2022-06-22 14:00:00','2022-06-22 13:00:00',NULL,24),(366,'2022-06-17 14:22:44','2022-06-17 14:22:44','2022-06-22 15:30:00','2022-06-22 14:30:00',NULL,24),(367,'2022-06-17 14:22:44','2022-06-17 14:22:44','2022-06-22 17:00:00','2022-06-22 16:00:00',NULL,24),(368,'2022-06-17 14:22:44','2022-06-17 14:22:44','2022-06-22 10:00:00','2022-06-22 09:00:00',NULL,25),(369,'2022-06-17 14:22:44','2022-06-17 14:22:44','2022-06-22 11:30:00','2022-06-22 10:30:00',NULL,25),(370,'2022-06-17 14:22:44','2022-06-17 14:22:44','2022-06-22 14:00:00','2022-06-22 13:00:00',77,25),(371,'2022-06-17 14:22:44','2022-06-17 14:22:44','2022-06-22 15:30:00','2022-06-22 14:30:00',NULL,25),(372,'2022-06-17 14:22:44','2022-06-17 14:22:44','2022-06-22 17:00:00','2022-06-22 16:00:00',NULL,25),(373,'2022-06-17 14:22:44','2022-06-17 14:22:44','2022-06-23 10:00:00','2022-06-23 09:00:00',NULL,15),(374,'2022-06-17 14:22:44','2022-06-17 14:22:44','2022-06-23 11:30:00','2022-06-23 10:30:00',NULL,15),(375,'2022-06-17 14:22:44','2022-06-17 14:22:44','2022-06-23 14:00:00','2022-06-23 13:00:00',NULL,15),(376,'2022-06-17 14:22:44','2022-06-17 14:22:44','2022-06-23 15:30:00','2022-06-23 14:30:00',NULL,15),(377,'2022-06-17 14:22:44','2022-06-17 14:22:44','2022-06-23 17:00:00','2022-06-23 16:00:00',NULL,15),(378,'2022-06-17 14:22:44','2022-06-17 14:22:44','2022-06-23 10:00:00','2022-06-23 09:00:00',NULL,16),(379,'2022-06-17 14:22:44','2022-06-17 14:22:44','2022-06-23 11:30:00','2022-06-23 10:30:00',NULL,16),(380,'2022-06-17 14:22:44','2022-06-17 14:22:44','2022-06-23 14:00:00','2022-06-23 13:00:00',NULL,16),(381,'2022-06-17 14:22:44','2022-06-17 14:22:44','2022-06-23 15:30:00','2022-06-23 14:30:00',NULL,16),(382,'2022-06-17 14:22:44','2022-06-17 14:22:44','2022-06-23 17:00:00','2022-06-23 16:00:00',NULL,16),(383,'2022-06-17 14:22:44','2022-06-17 14:22:44','2022-06-23 10:00:00','2022-06-23 09:00:00',NULL,17),(384,'2022-06-17 14:22:44','2022-06-17 14:22:44','2022-06-23 11:30:00','2022-06-23 10:30:00',NULL,17),(385,'2022-06-17 14:22:44','2022-06-17 14:22:44','2022-06-23 14:00:00','2022-06-23 13:00:00',NULL,17),(386,'2022-06-17 14:22:44','2022-06-17 14:22:44','2022-06-23 15:30:00','2022-06-23 14:30:00',NULL,17),(387,'2022-06-17 14:22:44','2022-06-17 14:22:44','2022-06-23 17:00:00','2022-06-23 16:00:00',15,17),(388,'2022-06-17 14:22:44','2022-06-17 14:22:44','2022-06-23 10:00:00','2022-06-23 09:00:00',NULL,18),(389,'2022-06-17 14:22:44','2022-06-17 14:22:44','2022-06-23 11:30:00','2022-06-23 10:30:00',NULL,18),(390,'2022-06-17 14:22:44','2022-06-17 14:22:44','2022-06-23 14:00:00','2022-06-23 13:00:00',NULL,18),(391,'2022-06-17 14:22:44','2022-06-17 14:22:44','2022-06-23 15:30:00','2022-06-23 14:30:00',NULL,18),(392,'2022-06-17 14:22:44','2022-06-17 14:22:44','2022-06-23 17:00:00','2022-06-23 16:00:00',NULL,18),(393,'2022-06-17 14:22:44','2022-06-17 14:22:44','2022-06-23 10:00:00','2022-06-23 09:00:00',76,19),(394,'2022-06-17 14:22:44','2022-06-17 14:22:44','2022-06-23 11:30:00','2022-06-23 10:30:00',87,19),(395,'2022-06-17 14:22:44','2022-06-17 14:22:44','2022-06-23 14:00:00','2022-06-23 13:00:00',NULL,19),(396,'2022-06-17 14:22:44','2022-06-17 14:22:44','2022-06-23 15:30:00','2022-06-23 14:30:00',NULL,19),(397,'2022-06-17 14:22:44','2022-06-17 14:22:44','2022-06-23 17:00:00','2022-06-23 16:00:00',12,19),(398,'2022-06-17 14:22:44','2022-06-17 14:22:44','2022-06-23 10:00:00','2022-06-23 09:00:00',24,20),(399,'2022-06-17 14:22:44','2022-06-17 14:22:44','2022-06-23 11:30:00','2022-06-23 10:30:00',NULL,20),(400,'2022-06-17 14:22:44','2022-06-17 14:22:44','2022-06-23 14:00:00','2022-06-23 13:00:00',72,20),(401,'2022-06-17 14:22:44','2022-06-17 14:22:44','2022-06-23 15:30:00','2022-06-23 14:30:00',NULL,20),(402,'2022-06-17 14:22:44','2022-06-17 14:22:44','2022-06-23 17:00:00','2022-06-23 16:00:00',NULL,20),(403,'2022-06-17 14:22:44','2022-06-17 14:22:44','2022-06-23 10:00:00','2022-06-23 09:00:00',NULL,21),(404,'2022-06-17 14:22:44','2022-06-17 14:22:44','2022-06-23 11:30:00','2022-06-23 10:30:00',83,21),(405,'2022-06-17 14:22:44','2022-06-17 14:22:44','2022-06-23 14:00:00','2022-06-23 13:00:00',NULL,21),(406,'2022-06-17 14:22:44','2022-06-17 14:22:44','2022-06-23 15:30:00','2022-06-23 14:30:00',NULL,21),(407,'2022-06-17 14:22:44','2022-06-17 14:22:44','2022-06-23 17:00:00','2022-06-23 16:00:00',NULL,21),(408,'2022-06-17 14:22:44','2022-06-17 14:22:44','2022-06-23 10:00:00','2022-06-23 09:00:00',NULL,22),(409,'2022-06-17 14:22:44','2022-06-17 14:22:44','2022-06-23 11:30:00','2022-06-23 10:30:00',NULL,22),(410,'2022-06-17 14:22:44','2022-06-17 14:22:44','2022-06-23 14:00:00','2022-06-23 13:00:00',61,22),(411,'2022-06-17 14:22:44','2022-06-17 14:22:44','2022-06-23 15:30:00','2022-06-23 14:30:00',NULL,22),(412,'2022-06-17 14:22:44','2022-06-17 14:22:44','2022-06-23 17:00:00','2022-06-23 16:00:00',NULL,22),(413,'2022-06-17 14:22:44','2022-06-17 14:22:44','2022-06-23 10:00:00','2022-06-23 09:00:00',NULL,23),(414,'2022-06-17 14:22:44','2022-06-17 14:22:44','2022-06-23 11:30:00','2022-06-23 10:30:00',NULL,23),(415,'2022-06-17 14:22:44','2022-06-17 14:22:44','2022-06-23 14:00:00','2022-06-23 13:00:00',NULL,23),(416,'2022-06-17 14:22:44','2022-06-17 14:22:44','2022-06-23 15:30:00','2022-06-23 14:30:00',NULL,23),(417,'2022-06-17 14:22:44','2022-06-17 14:22:44','2022-06-23 17:00:00','2022-06-23 16:00:00',20,23),(418,'2022-06-17 14:22:44','2022-06-17 14:22:44','2022-06-23 10:00:00','2022-06-23 09:00:00',84,24),(419,'2022-06-17 14:22:44','2022-06-17 14:22:44','2022-06-23 11:30:00','2022-06-23 10:30:00',NULL,24),(420,'2022-06-17 14:22:44','2022-06-17 14:22:44','2022-06-23 14:00:00','2022-06-23 13:00:00',NULL,24),(421,'2022-06-17 14:22:44','2022-06-17 14:22:44','2022-06-23 15:30:00','2022-06-23 14:30:00',NULL,24),(422,'2022-06-17 14:22:44','2022-06-17 14:22:44','2022-06-23 17:00:00','2022-06-23 16:00:00',NULL,24),(423,'2022-06-17 14:22:44','2022-06-17 14:22:44','2022-06-23 10:00:00','2022-06-23 09:00:00',67,25),(424,'2022-06-17 14:22:44','2022-06-17 14:22:44','2022-06-23 11:30:00','2022-06-23 10:30:00',NULL,25),(425,'2022-06-17 14:22:44','2022-06-17 14:22:44','2022-06-23 14:00:00','2022-06-23 13:00:00',NULL,25),(426,'2022-06-17 14:22:44','2022-06-17 14:22:44','2022-06-23 15:30:00','2022-06-23 14:30:00',NULL,25),(427,'2022-06-17 14:22:44','2022-06-17 14:22:44','2022-06-23 17:00:00','2022-06-23 16:00:00',NULL,25),(428,'2022-06-17 14:22:44','2022-06-17 14:22:44','2022-06-24 10:00:00','2022-06-24 09:00:00',NULL,15),(429,'2022-06-17 14:22:44','2022-06-17 14:22:44','2022-06-24 11:30:00','2022-06-24 10:30:00',NULL,15),(430,'2022-06-17 14:22:44','2022-06-17 14:22:44','2022-06-24 14:00:00','2022-06-24 13:00:00',NULL,15),(431,'2022-06-17 14:22:44','2022-06-17 14:22:44','2022-06-24 15:30:00','2022-06-24 14:30:00',NULL,15),(432,'2022-06-17 14:22:44','2022-06-17 14:22:44','2022-06-24 17:00:00','2022-06-24 16:00:00',NULL,15),(433,'2022-06-17 14:22:44','2022-06-17 14:22:44','2022-06-24 10:00:00','2022-06-24 09:00:00',NULL,16),(434,'2022-06-17 14:22:44','2022-06-17 14:22:44','2022-06-24 11:30:00','2022-06-24 10:30:00',NULL,16),(435,'2022-06-17 14:22:44','2022-06-17 14:22:44','2022-06-24 14:00:00','2022-06-24 13:00:00',6,16),(436,'2022-06-17 14:22:44','2022-06-17 14:22:44','2022-06-24 15:30:00','2022-06-24 14:30:00',NULL,16),(437,'2022-06-17 14:22:44','2022-06-17 14:22:44','2022-06-24 17:00:00','2022-06-24 16:00:00',NULL,16),(438,'2022-06-17 14:22:44','2022-06-17 14:22:44','2022-06-24 10:00:00','2022-06-24 09:00:00',NULL,17),(439,'2022-06-17 14:22:44','2022-06-17 14:22:44','2022-06-24 11:30:00','2022-06-24 10:30:00',NULL,17),(440,'2022-06-17 14:22:44','2022-06-17 14:22:44','2022-06-24 14:00:00','2022-06-24 13:00:00',NULL,17),(441,'2022-06-17 14:22:44','2022-06-17 14:22:44','2022-06-24 15:30:00','2022-06-24 14:30:00',NULL,17),(442,'2022-06-17 14:22:44','2022-06-17 14:22:44','2022-06-24 17:00:00','2022-06-24 16:00:00',NULL,17),(443,'2022-06-17 14:22:44','2022-06-17 14:22:44','2022-06-24 10:00:00','2022-06-24 09:00:00',NULL,18),(444,'2022-06-17 14:22:44','2022-06-17 14:22:44','2022-06-24 11:30:00','2022-06-24 10:30:00',NULL,18),(445,'2022-06-17 14:22:44','2022-06-17 14:22:44','2022-06-24 14:00:00','2022-06-24 13:00:00',NULL,18),(446,'2022-06-17 14:22:44','2022-06-17 14:22:44','2022-06-24 15:30:00','2022-06-24 14:30:00',NULL,18),(447,'2022-06-17 14:22:44','2022-06-17 14:22:44','2022-06-24 17:00:00','2022-06-24 16:00:00',NULL,18),(448,'2022-06-17 14:22:44','2022-06-17 14:22:44','2022-06-24 10:00:00','2022-06-24 09:00:00',NULL,19),(449,'2022-06-17 14:22:44','2022-06-17 14:22:44','2022-06-24 11:30:00','2022-06-24 10:30:00',NULL,19),(450,'2022-06-17 14:22:44','2022-06-17 14:22:44','2022-06-24 14:00:00','2022-06-24 13:00:00',NULL,19),(451,'2022-06-17 14:22:44','2022-06-17 14:22:44','2022-06-24 15:30:00','2022-06-24 14:30:00',NULL,19),(452,'2022-06-17 14:22:44','2022-06-17 14:22:44','2022-06-24 17:00:00','2022-06-24 16:00:00',NULL,19),(453,'2022-06-17 14:22:44','2022-06-17 14:22:44','2022-06-24 10:00:00','2022-06-24 09:00:00',NULL,20),(454,'2022-06-17 14:22:44','2022-06-17 14:22:44','2022-06-24 11:30:00','2022-06-24 10:30:00',NULL,20),(455,'2022-06-17 14:22:44','2022-06-17 14:22:44','2022-06-24 14:00:00','2022-06-24 13:00:00',NULL,20),(456,'2022-06-17 14:22:44','2022-06-17 14:22:44','2022-06-24 15:30:00','2022-06-24 14:30:00',NULL,20),(457,'2022-06-17 14:22:44','2022-06-17 14:22:44','2022-06-24 17:00:00','2022-06-24 16:00:00',NULL,20),(458,'2022-06-17 14:22:44','2022-06-17 14:22:44','2022-06-24 10:00:00','2022-06-24 09:00:00',NULL,21),(459,'2022-06-17 14:22:44','2022-06-17 14:22:44','2022-06-24 11:30:00','2022-06-24 10:30:00',NULL,21),(460,'2022-06-17 14:22:44','2022-06-17 14:22:44','2022-06-24 14:00:00','2022-06-24 13:00:00',NULL,21),(461,'2022-06-17 14:22:44','2022-06-17 14:22:44','2022-06-24 15:30:00','2022-06-24 14:30:00',NULL,21),(462,'2022-06-17 14:22:44','2022-06-17 14:22:44','2022-06-24 17:00:00','2022-06-24 16:00:00',NULL,21),(463,'2022-06-17 14:22:44','2022-06-17 14:22:44','2022-06-24 10:00:00','2022-06-24 09:00:00',NULL,22),(464,'2022-06-17 14:22:44','2022-06-17 14:22:44','2022-06-24 11:30:00','2022-06-24 10:30:00',NULL,22),(465,'2022-06-17 14:22:44','2022-06-17 14:22:44','2022-06-24 14:00:00','2022-06-24 13:00:00',NULL,22),(466,'2022-06-17 14:22:44','2022-06-17 14:22:44','2022-06-24 15:30:00','2022-06-24 14:30:00',NULL,22),(467,'2022-06-17 14:22:44','2022-06-17 14:22:44','2022-06-24 17:00:00','2022-06-24 16:00:00',NULL,22),(468,'2022-06-17 14:22:44','2022-06-17 14:22:44','2022-06-24 10:00:00','2022-06-24 09:00:00',NULL,23),(469,'2022-06-17 14:22:44','2022-06-17 14:22:44','2022-06-24 11:30:00','2022-06-24 10:30:00',NULL,23),(470,'2022-06-17 14:22:44','2022-06-17 14:22:44','2022-06-24 14:00:00','2022-06-24 13:00:00',NULL,23),(471,'2022-06-17 14:22:44','2022-06-17 14:22:44','2022-06-24 15:30:00','2022-06-24 14:30:00',NULL,23),(472,'2022-06-17 14:22:44','2022-06-17 14:22:44','2022-06-24 17:00:00','2022-06-24 16:00:00',NULL,23),(473,'2022-06-17 14:22:44','2022-06-17 14:22:44','2022-06-24 10:00:00','2022-06-24 09:00:00',NULL,24),(474,'2022-06-17 14:22:44','2022-06-17 14:22:44','2022-06-24 11:30:00','2022-06-24 10:30:00',NULL,24),(475,'2022-06-17 14:22:44','2022-06-17 14:22:44','2022-06-24 14:00:00','2022-06-24 13:00:00',NULL,24),(476,'2022-06-17 14:22:44','2022-06-17 14:22:44','2022-06-24 15:30:00','2022-06-24 14:30:00',NULL,24),(477,'2022-06-17 14:22:44','2022-06-17 14:22:44','2022-06-24 17:00:00','2022-06-24 16:00:00',NULL,24),(478,'2022-06-17 14:22:44','2022-06-17 14:22:44','2022-06-24 10:00:00','2022-06-24 09:00:00',NULL,25),(479,'2022-06-17 14:22:44','2022-06-17 14:22:44','2022-06-24 11:30:00','2022-06-24 10:30:00',NULL,25),(480,'2022-06-17 14:22:44','2022-06-17 14:22:44','2022-06-24 14:00:00','2022-06-24 13:00:00',NULL,25),(481,'2022-06-17 14:22:44','2022-06-17 14:22:44','2022-06-24 15:30:00','2022-06-24 14:30:00',NULL,25),(482,'2022-06-17 14:22:44','2022-06-17 14:22:44','2022-06-24 17:00:00','2022-06-24 16:00:00',NULL,25),(483,'2022-06-17 14:22:45','2022-06-17 14:22:45','2022-06-25 10:00:00','2022-06-25 09:00:00',NULL,15),(484,'2022-06-17 14:22:45','2022-06-17 14:22:45','2022-06-25 11:30:00','2022-06-25 10:30:00',NULL,15),(485,'2022-06-17 14:22:45','2022-06-17 14:22:45','2022-06-25 14:00:00','2022-06-25 13:00:00',NULL,15),(486,'2022-06-17 14:22:45','2022-06-17 14:22:45','2022-06-25 15:30:00','2022-06-25 14:30:00',NULL,15),(487,'2022-06-17 14:22:45','2022-06-17 14:22:45','2022-06-25 17:00:00','2022-06-25 16:00:00',NULL,15),(488,'2022-06-17 14:22:45','2022-06-17 14:22:45','2022-06-25 10:00:00','2022-06-25 09:00:00',NULL,16),(489,'2022-06-17 14:22:45','2022-06-17 14:22:45','2022-06-25 11:30:00','2022-06-25 10:30:00',NULL,16),(490,'2022-06-17 14:22:45','2022-06-17 14:22:45','2022-06-25 14:00:00','2022-06-25 13:00:00',NULL,16),(491,'2022-06-17 14:22:45','2022-06-17 14:22:45','2022-06-25 15:30:00','2022-06-25 14:30:00',NULL,16),(492,'2022-06-17 14:22:45','2022-06-17 14:22:45','2022-06-25 17:00:00','2022-06-25 16:00:00',NULL,16),(493,'2022-06-17 14:22:45','2022-06-17 14:22:45','2022-06-25 10:00:00','2022-06-25 09:00:00',NULL,17),(494,'2022-06-17 14:22:45','2022-06-17 14:22:45','2022-06-25 11:30:00','2022-06-25 10:30:00',NULL,17),(495,'2022-06-17 14:22:45','2022-06-17 14:22:45','2022-06-25 14:00:00','2022-06-25 13:00:00',NULL,17),(496,'2022-06-17 14:22:45','2022-06-17 14:22:45','2022-06-25 15:30:00','2022-06-25 14:30:00',NULL,17),(497,'2022-06-17 14:22:45','2022-06-17 14:22:45','2022-06-25 17:00:00','2022-06-25 16:00:00',NULL,17),(498,'2022-06-17 14:22:45','2022-06-17 14:22:45','2022-06-25 10:00:00','2022-06-25 09:00:00',NULL,18),(499,'2022-06-17 14:22:45','2022-06-17 14:22:45','2022-06-25 11:30:00','2022-06-25 10:30:00',NULL,18),(500,'2022-06-17 14:22:45','2022-06-17 14:22:45','2022-06-25 14:00:00','2022-06-25 13:00:00',NULL,18),(501,'2022-06-17 14:22:45','2022-06-17 14:22:45','2022-06-25 15:30:00','2022-06-25 14:30:00',NULL,18),(502,'2022-06-17 14:22:45','2022-06-17 14:22:45','2022-06-25 17:00:00','2022-06-25 16:00:00',NULL,18),(503,'2022-06-17 14:22:45','2022-06-17 14:22:45','2022-06-25 10:00:00','2022-06-25 09:00:00',NULL,19),(504,'2022-06-17 14:22:45','2022-06-17 14:22:45','2022-06-25 11:30:00','2022-06-25 10:30:00',NULL,19),(505,'2022-06-17 14:22:45','2022-06-17 14:22:45','2022-06-25 14:00:00','2022-06-25 13:00:00',NULL,19),(506,'2022-06-17 14:22:45','2022-06-17 14:22:45','2022-06-25 15:30:00','2022-06-25 14:30:00',NULL,19),(507,'2022-06-17 14:22:45','2022-06-17 14:22:45','2022-06-25 17:00:00','2022-06-25 16:00:00',NULL,19),(508,'2022-06-17 14:22:45','2022-06-17 14:22:45','2022-06-25 10:00:00','2022-06-25 09:00:00',NULL,20),(509,'2022-06-17 14:22:45','2022-06-17 14:22:45','2022-06-25 11:30:00','2022-06-25 10:30:00',NULL,20),(510,'2022-06-17 14:22:45','2022-06-17 14:22:45','2022-06-25 14:00:00','2022-06-25 13:00:00',NULL,20),(511,'2022-06-17 14:22:45','2022-06-17 14:22:45','2022-06-25 15:30:00','2022-06-25 14:30:00',NULL,20),(512,'2022-06-17 14:22:45','2022-06-17 14:22:45','2022-06-25 17:00:00','2022-06-25 16:00:00',NULL,20),(513,'2022-06-17 14:22:45','2022-06-17 14:22:45','2022-06-25 10:00:00','2022-06-25 09:00:00',NULL,21),(514,'2022-06-17 14:22:45','2022-06-17 14:22:45','2022-06-25 11:30:00','2022-06-25 10:30:00',NULL,21),(515,'2022-06-17 14:22:45','2022-06-17 14:22:45','2022-06-25 14:00:00','2022-06-25 13:00:00',NULL,21),(516,'2022-06-17 14:22:45','2022-06-17 14:22:45','2022-06-25 15:30:00','2022-06-25 14:30:00',NULL,21),(517,'2022-06-17 14:22:45','2022-06-17 14:22:45','2022-06-25 17:00:00','2022-06-25 16:00:00',NULL,21),(518,'2022-06-17 14:22:45','2022-06-17 14:22:45','2022-06-25 10:00:00','2022-06-25 09:00:00',NULL,22),(519,'2022-06-17 14:22:45','2022-06-17 14:22:45','2022-06-25 11:30:00','2022-06-25 10:30:00',NULL,22),(520,'2022-06-17 14:22:45','2022-06-17 14:22:45','2022-06-25 14:00:00','2022-06-25 13:00:00',NULL,22),(521,'2022-06-17 14:22:45','2022-06-17 14:22:45','2022-06-25 15:30:00','2022-06-25 14:30:00',NULL,22),(522,'2022-06-17 14:22:45','2022-06-17 14:22:45','2022-06-25 17:00:00','2022-06-25 16:00:00',NULL,22),(523,'2022-06-17 14:22:45','2022-06-17 14:22:45','2022-06-25 10:00:00','2022-06-25 09:00:00',NULL,23),(524,'2022-06-17 14:22:45','2022-06-17 14:22:45','2022-06-25 11:30:00','2022-06-25 10:30:00',NULL,23),(525,'2022-06-17 14:22:45','2022-06-17 14:22:45','2022-06-25 14:00:00','2022-06-25 13:00:00',NULL,23),(526,'2022-06-17 14:22:45','2022-06-17 14:22:45','2022-06-25 15:30:00','2022-06-25 14:30:00',NULL,23),(527,'2022-06-17 14:22:45','2022-06-17 14:22:45','2022-06-25 17:00:00','2022-06-25 16:00:00',NULL,23),(528,'2022-06-17 14:22:45','2022-06-17 14:22:45','2022-06-25 10:00:00','2022-06-25 09:00:00',NULL,24),(529,'2022-06-17 14:22:45','2022-06-17 14:22:45','2022-06-25 11:30:00','2022-06-25 10:30:00',NULL,24),(530,'2022-06-17 14:22:45','2022-06-17 14:22:45','2022-06-25 14:00:00','2022-06-25 13:00:00',NULL,24),(531,'2022-06-17 14:22:45','2022-06-17 14:22:45','2022-06-25 15:30:00','2022-06-25 14:30:00',NULL,24),(532,'2022-06-17 14:22:45','2022-06-17 14:22:45','2022-06-25 17:00:00','2022-06-25 16:00:00',NULL,24),(533,'2022-06-17 14:22:45','2022-06-17 14:22:45','2022-06-25 10:00:00','2022-06-25 09:00:00',NULL,25),(534,'2022-06-17 14:22:45','2022-06-17 14:22:45','2022-06-25 11:30:00','2022-06-25 10:30:00',NULL,25),(535,'2022-06-17 14:22:45','2022-06-17 14:22:45','2022-06-25 14:00:00','2022-06-25 13:00:00',NULL,25),(536,'2022-06-17 14:22:45','2022-06-17 14:22:45','2022-06-25 15:30:00','2022-06-25 14:30:00',NULL,25),(537,'2022-06-17 14:22:45','2022-06-17 14:22:45','2022-06-25 17:00:00','2022-06-25 16:00:00',NULL,25),(538,'2022-06-17 14:22:45','2022-06-17 14:22:45','2022-06-26 10:00:00','2022-06-26 09:00:00',NULL,15),(539,'2022-06-17 14:22:45','2022-06-17 14:22:45','2022-06-26 11:30:00','2022-06-26 10:30:00',NULL,15),(540,'2022-06-17 14:22:45','2022-06-17 14:22:45','2022-06-26 14:00:00','2022-06-26 13:00:00',NULL,15),(541,'2022-06-17 14:22:45','2022-06-17 14:22:45','2022-06-26 15:30:00','2022-06-26 14:30:00',NULL,15),(542,'2022-06-17 14:22:45','2022-06-17 14:22:45','2022-06-26 17:00:00','2022-06-26 16:00:00',NULL,15),(543,'2022-06-17 14:22:45','2022-06-17 14:22:45','2022-06-26 10:00:00','2022-06-26 09:00:00',NULL,16),(544,'2022-06-17 14:22:45','2022-06-17 14:22:45','2022-06-26 11:30:00','2022-06-26 10:30:00',NULL,16),(545,'2022-06-17 14:22:45','2022-06-17 14:22:45','2022-06-26 14:00:00','2022-06-26 13:00:00',NULL,16),(546,'2022-06-17 14:22:45','2022-06-17 14:22:45','2022-06-26 15:30:00','2022-06-26 14:30:00',NULL,16),(547,'2022-06-17 14:22:45','2022-06-17 14:22:45','2022-06-26 17:00:00','2022-06-26 16:00:00',NULL,16),(548,'2022-06-17 14:22:45','2022-06-17 14:22:45','2022-06-26 10:00:00','2022-06-26 09:00:00',NULL,17),(549,'2022-06-17 14:22:45','2022-06-17 14:22:45','2022-06-26 11:30:00','2022-06-26 10:30:00',NULL,17),(550,'2022-06-17 14:22:45','2022-06-17 14:22:45','2022-06-26 14:00:00','2022-06-26 13:00:00',NULL,17),(551,'2022-06-17 14:22:45','2022-06-17 14:22:45','2022-06-26 15:30:00','2022-06-26 14:30:00',NULL,17),(552,'2022-06-17 14:22:45','2022-06-17 14:22:45','2022-06-26 17:00:00','2022-06-26 16:00:00',NULL,17),(553,'2022-06-17 14:22:45','2022-06-17 14:22:45','2022-06-26 10:00:00','2022-06-26 09:00:00',NULL,18),(554,'2022-06-17 14:22:45','2022-06-17 14:22:45','2022-06-26 11:30:00','2022-06-26 10:30:00',NULL,18),(555,'2022-06-17 14:22:45','2022-06-17 14:22:45','2022-06-26 14:00:00','2022-06-26 13:00:00',NULL,18),(556,'2022-06-17 14:22:45','2022-06-17 14:22:45','2022-06-26 15:30:00','2022-06-26 14:30:00',NULL,18),(557,'2022-06-17 14:22:45','2022-06-17 14:22:45','2022-06-26 17:00:00','2022-06-26 16:00:00',NULL,18),(558,'2022-06-17 14:22:45','2022-06-17 14:22:45','2022-06-26 10:00:00','2022-06-26 09:00:00',NULL,19),(559,'2022-06-17 14:22:45','2022-06-17 14:22:45','2022-06-26 11:30:00','2022-06-26 10:30:00',NULL,19),(560,'2022-06-17 14:22:45','2022-06-17 14:22:45','2022-06-26 14:00:00','2022-06-26 13:00:00',NULL,19),(561,'2022-06-17 14:22:45','2022-06-17 14:22:45','2022-06-26 15:30:00','2022-06-26 14:30:00',NULL,19),(562,'2022-06-17 14:22:45','2022-06-17 14:22:45','2022-06-26 17:00:00','2022-06-26 16:00:00',NULL,19),(563,'2022-06-17 14:22:45','2022-06-17 14:22:45','2022-06-26 10:00:00','2022-06-26 09:00:00',NULL,20),(564,'2022-06-17 14:22:45','2022-06-17 14:22:45','2022-06-26 11:30:00','2022-06-26 10:30:00',NULL,20),(565,'2022-06-17 14:22:45','2022-06-17 14:22:45','2022-06-26 14:00:00','2022-06-26 13:00:00',NULL,20),(566,'2022-06-17 14:22:45','2022-06-17 14:22:45','2022-06-26 15:30:00','2022-06-26 14:30:00',NULL,20),(567,'2022-06-17 14:22:45','2022-06-17 14:22:45','2022-06-26 17:00:00','2022-06-26 16:00:00',NULL,20),(568,'2022-06-17 14:22:45','2022-06-17 14:22:45','2022-06-26 10:00:00','2022-06-26 09:00:00',NULL,21),(569,'2022-06-17 14:22:45','2022-06-17 14:22:45','2022-06-26 11:30:00','2022-06-26 10:30:00',NULL,21),(570,'2022-06-17 14:22:45','2022-06-17 14:22:45','2022-06-26 14:00:00','2022-06-26 13:00:00',NULL,21),(571,'2022-06-17 14:22:45','2022-06-17 14:22:45','2022-06-26 15:30:00','2022-06-26 14:30:00',NULL,21),(572,'2022-06-17 14:22:45','2022-06-17 14:22:45','2022-06-26 17:00:00','2022-06-26 16:00:00',NULL,21),(573,'2022-06-17 14:22:45','2022-06-17 14:22:45','2022-06-26 10:00:00','2022-06-26 09:00:00',NULL,22),(574,'2022-06-17 14:22:45','2022-06-17 14:22:45','2022-06-26 11:30:00','2022-06-26 10:30:00',NULL,22),(575,'2022-06-17 14:22:45','2022-06-17 14:22:45','2022-06-26 14:00:00','2022-06-26 13:00:00',NULL,22),(576,'2022-06-17 14:22:45','2022-06-17 14:22:45','2022-06-26 15:30:00','2022-06-26 14:30:00',NULL,22),(577,'2022-06-17 14:22:45','2022-06-17 14:22:45','2022-06-26 17:00:00','2022-06-26 16:00:00',NULL,22),(578,'2022-06-17 14:22:45','2022-06-17 14:22:45','2022-06-26 10:00:00','2022-06-26 09:00:00',NULL,23),(579,'2022-06-17 14:22:45','2022-06-17 14:22:45','2022-06-26 11:30:00','2022-06-26 10:30:00',NULL,23),(580,'2022-06-17 14:22:45','2022-06-17 14:22:45','2022-06-26 14:00:00','2022-06-26 13:00:00',NULL,23),(581,'2022-06-17 14:22:45','2022-06-17 14:22:45','2022-06-26 15:30:00','2022-06-26 14:30:00',NULL,23),(582,'2022-06-17 14:22:45','2022-06-17 14:22:45','2022-06-26 17:00:00','2022-06-26 16:00:00',NULL,23),(583,'2022-06-17 14:22:45','2022-06-17 14:22:45','2022-06-26 10:00:00','2022-06-26 09:00:00',NULL,24),(584,'2022-06-17 14:22:45','2022-06-17 14:22:45','2022-06-26 11:30:00','2022-06-26 10:30:00',NULL,24),(585,'2022-06-17 14:22:45','2022-06-17 14:22:45','2022-06-26 14:00:00','2022-06-26 13:00:00',NULL,24),(586,'2022-06-17 14:22:45','2022-06-17 14:22:45','2022-06-26 15:30:00','2022-06-26 14:30:00',NULL,24),(587,'2022-06-17 14:22:45','2022-06-17 14:22:45','2022-06-26 17:00:00','2022-06-26 16:00:00',NULL,24),(588,'2022-06-17 14:22:45','2022-06-17 14:22:45','2022-06-26 10:00:00','2022-06-26 09:00:00',NULL,25),(589,'2022-06-17 14:22:45','2022-06-17 14:22:45','2022-06-26 11:30:00','2022-06-26 10:30:00',NULL,25),(590,'2022-06-17 14:22:45','2022-06-17 14:22:45','2022-06-26 14:00:00','2022-06-26 13:00:00',NULL,25),(591,'2022-06-17 14:22:45','2022-06-17 14:22:45','2022-06-26 15:30:00','2022-06-26 14:30:00',NULL,25),(592,'2022-06-17 14:22:45','2022-06-17 14:22:45','2022-06-26 17:00:00','2022-06-26 16:00:00',NULL,25),(593,'2022-06-17 14:22:45','2022-06-17 14:22:45','2022-06-27 10:00:00','2022-06-27 09:00:00',NULL,15),(594,'2022-06-17 14:22:45','2022-06-17 14:22:45','2022-06-27 11:30:00','2022-06-27 10:30:00',NULL,15),(595,'2022-06-17 14:22:45','2022-06-17 14:22:45','2022-06-27 14:00:00','2022-06-27 13:00:00',NULL,15),(596,'2022-06-17 14:22:45','2022-06-17 14:22:45','2022-06-27 15:30:00','2022-06-27 14:30:00',NULL,15),(597,'2022-06-17 14:22:45','2022-06-17 14:22:45','2022-06-27 17:00:00','2022-06-27 16:00:00',NULL,15),(598,'2022-06-17 14:22:45','2022-06-17 14:22:45','2022-06-27 10:00:00','2022-06-27 09:00:00',NULL,16),(599,'2022-06-17 14:22:45','2022-06-17 14:22:45','2022-06-27 11:30:00','2022-06-27 10:30:00',NULL,16),(600,'2022-06-17 14:22:45','2022-06-17 14:22:45','2022-06-27 14:00:00','2022-06-27 13:00:00',NULL,16),(601,'2022-06-17 14:22:45','2022-06-17 14:22:45','2022-06-27 15:30:00','2022-06-27 14:30:00',NULL,16),(602,'2022-06-17 14:22:45','2022-06-17 14:22:45','2022-06-27 17:00:00','2022-06-27 16:00:00',NULL,16),(603,'2022-06-17 14:22:45','2022-06-17 14:22:45','2022-06-27 10:00:00','2022-06-27 09:00:00',NULL,17),(604,'2022-06-17 14:22:45','2022-06-17 14:22:45','2022-06-27 11:30:00','2022-06-27 10:30:00',NULL,17),(605,'2022-06-17 14:22:45','2022-06-17 14:22:45','2022-06-27 14:00:00','2022-06-27 13:00:00',NULL,17),(606,'2022-06-17 14:22:45','2022-06-17 14:22:45','2022-06-27 15:30:00','2022-06-27 14:30:00',NULL,17),(607,'2022-06-17 14:22:45','2022-06-17 14:22:45','2022-06-27 17:00:00','2022-06-27 16:00:00',NULL,17),(608,'2022-06-17 14:22:45','2022-06-17 14:22:45','2022-06-27 10:00:00','2022-06-27 09:00:00',NULL,18),(609,'2022-06-17 14:22:45','2022-06-17 14:22:45','2022-06-27 11:30:00','2022-06-27 10:30:00',NULL,18),(610,'2022-06-17 14:22:45','2022-06-17 14:22:45','2022-06-27 14:00:00','2022-06-27 13:00:00',NULL,18),(611,'2022-06-17 14:22:45','2022-06-17 14:22:45','2022-06-27 15:30:00','2022-06-27 14:30:00',NULL,18),(612,'2022-06-17 14:22:45','2022-06-17 14:22:45','2022-06-27 17:00:00','2022-06-27 16:00:00',NULL,18),(613,'2022-06-17 14:22:45','2022-06-17 14:22:45','2022-06-27 10:00:00','2022-06-27 09:00:00',NULL,19),(614,'2022-06-17 14:22:45','2022-06-17 14:22:45','2022-06-27 11:30:00','2022-06-27 10:30:00',NULL,19),(615,'2022-06-17 14:22:45','2022-06-17 14:22:45','2022-06-27 14:00:00','2022-06-27 13:00:00',NULL,19),(616,'2022-06-17 14:22:45','2022-06-17 14:22:45','2022-06-27 15:30:00','2022-06-27 14:30:00',NULL,19),(617,'2022-06-17 14:22:45','2022-06-17 14:22:45','2022-06-27 17:00:00','2022-06-27 16:00:00',NULL,19),(618,'2022-06-17 14:22:45','2022-06-17 14:22:45','2022-06-27 10:00:00','2022-06-27 09:00:00',NULL,20),(619,'2022-06-17 14:22:45','2022-06-17 14:22:45','2022-06-27 11:30:00','2022-06-27 10:30:00',NULL,20),(620,'2022-06-17 14:22:45','2022-06-17 14:22:45','2022-06-27 14:00:00','2022-06-27 13:00:00',NULL,20),(621,'2022-06-17 14:22:45','2022-06-17 14:22:45','2022-06-27 15:30:00','2022-06-27 14:30:00',NULL,20),(622,'2022-06-17 14:22:45','2022-06-17 14:22:45','2022-06-27 17:00:00','2022-06-27 16:00:00',NULL,20),(623,'2022-06-17 14:22:45','2022-06-17 14:22:45','2022-06-27 10:00:00','2022-06-27 09:00:00',NULL,21),(624,'2022-06-17 14:22:45','2022-06-17 14:22:45','2022-06-27 11:30:00','2022-06-27 10:30:00',NULL,21),(625,'2022-06-17 14:22:45','2022-06-17 14:22:45','2022-06-27 14:00:00','2022-06-27 13:00:00',NULL,21),(626,'2022-06-17 14:22:45','2022-06-17 14:22:45','2022-06-27 15:30:00','2022-06-27 14:30:00',NULL,21),(627,'2022-06-17 14:22:45','2022-06-17 14:22:45','2022-06-27 17:00:00','2022-06-27 16:00:00',NULL,21),(628,'2022-06-17 14:22:45','2022-06-17 14:22:45','2022-06-27 10:00:00','2022-06-27 09:00:00',NULL,22),(629,'2022-06-17 14:22:45','2022-06-17 14:22:45','2022-06-27 11:30:00','2022-06-27 10:30:00',NULL,22),(630,'2022-06-17 14:22:45','2022-06-17 14:22:45','2022-06-27 14:00:00','2022-06-27 13:00:00',NULL,22),(631,'2022-06-17 14:22:45','2022-06-17 14:22:45','2022-06-27 15:30:00','2022-06-27 14:30:00',NULL,22),(632,'2022-06-17 14:22:45','2022-06-17 14:22:45','2022-06-27 17:00:00','2022-06-27 16:00:00',NULL,22),(633,'2022-06-17 14:22:45','2022-06-17 14:22:45','2022-06-27 10:00:00','2022-06-27 09:00:00',NULL,23),(634,'2022-06-17 14:22:45','2022-06-17 14:22:45','2022-06-27 11:30:00','2022-06-27 10:30:00',NULL,23),(635,'2022-06-17 14:22:45','2022-06-17 14:22:45','2022-06-27 14:00:00','2022-06-27 13:00:00',NULL,23),(636,'2022-06-17 14:22:45','2022-06-17 14:22:45','2022-06-27 15:30:00','2022-06-27 14:30:00',NULL,23),(637,'2022-06-17 14:22:45','2022-06-17 14:22:45','2022-06-27 17:00:00','2022-06-27 16:00:00',NULL,23),(638,'2022-06-17 14:22:45','2022-06-17 14:22:45','2022-06-27 10:00:00','2022-06-27 09:00:00',NULL,24),(639,'2022-06-17 14:22:45','2022-06-17 14:22:45','2022-06-27 11:30:00','2022-06-27 10:30:00',NULL,24),(640,'2022-06-17 14:22:45','2022-06-17 14:22:45','2022-06-27 14:00:00','2022-06-27 13:00:00',NULL,24),(641,'2022-06-17 14:22:45','2022-06-17 14:22:45','2022-06-27 15:30:00','2022-06-27 14:30:00',NULL,24),(642,'2022-06-17 14:22:45','2022-06-17 14:22:45','2022-06-27 17:00:00','2022-06-27 16:00:00',NULL,24),(643,'2022-06-17 14:22:45','2022-06-17 14:22:45','2022-06-27 10:00:00','2022-06-27 09:00:00',NULL,25),(644,'2022-06-17 14:22:45','2022-06-17 14:22:45','2022-06-27 11:30:00','2022-06-27 10:30:00',NULL,25),(645,'2022-06-17 14:22:45','2022-06-17 14:22:45','2022-06-27 14:00:00','2022-06-27 13:00:00',NULL,25),(646,'2022-06-17 14:22:45','2022-06-17 14:22:45','2022-06-27 15:30:00','2022-06-27 14:30:00',NULL,25),(647,'2022-06-17 14:22:45','2022-06-17 14:22:45','2022-06-27 17:00:00','2022-06-27 16:00:00',NULL,25),(648,'2022-06-17 14:22:45','2022-06-17 14:22:45','2022-06-28 10:00:00','2022-06-28 09:00:00',NULL,15),(649,'2022-06-17 14:22:45','2022-06-17 14:22:45','2022-06-28 11:30:00','2022-06-28 10:30:00',NULL,15),(650,'2022-06-17 14:22:45','2022-06-17 14:22:45','2022-06-28 14:00:00','2022-06-28 13:00:00',NULL,15),(651,'2022-06-17 14:22:45','2022-06-17 14:22:45','2022-06-28 15:30:00','2022-06-28 14:30:00',NULL,15),(652,'2022-06-17 14:22:45','2022-06-17 14:22:45','2022-06-28 17:00:00','2022-06-28 16:00:00',NULL,15),(653,'2022-06-17 14:22:45','2022-06-17 14:22:45','2022-06-28 10:00:00','2022-06-28 09:00:00',NULL,16),(654,'2022-06-17 14:22:45','2022-06-17 14:22:45','2022-06-28 11:30:00','2022-06-28 10:30:00',NULL,16),(655,'2022-06-17 14:22:45','2022-06-17 14:22:45','2022-06-28 14:00:00','2022-06-28 13:00:00',NULL,16),(656,'2022-06-17 14:22:45','2022-06-17 14:22:45','2022-06-28 15:30:00','2022-06-28 14:30:00',NULL,16),(657,'2022-06-17 14:22:45','2022-06-17 14:22:45','2022-06-28 17:00:00','2022-06-28 16:00:00',NULL,16),(658,'2022-06-17 14:22:45','2022-06-17 14:22:45','2022-06-28 10:00:00','2022-06-28 09:00:00',NULL,17),(659,'2022-06-17 14:22:45','2022-06-17 14:22:45','2022-06-28 11:30:00','2022-06-28 10:30:00',NULL,17),(660,'2022-06-17 14:22:45','2022-06-17 14:22:45','2022-06-28 14:00:00','2022-06-28 13:00:00',NULL,17),(661,'2022-06-17 14:22:45','2022-06-17 14:22:45','2022-06-28 15:30:00','2022-06-28 14:30:00',NULL,17),(662,'2022-06-17 14:22:45','2022-06-17 14:22:45','2022-06-28 17:00:00','2022-06-28 16:00:00',NULL,17),(663,'2022-06-17 14:22:45','2022-06-17 14:22:45','2022-06-28 10:00:00','2022-06-28 09:00:00',NULL,18),(664,'2022-06-17 14:22:45','2022-06-17 14:22:45','2022-06-28 11:30:00','2022-06-28 10:30:00',NULL,18),(665,'2022-06-17 14:22:45','2022-06-17 14:22:45','2022-06-28 14:00:00','2022-06-28 13:00:00',NULL,18),(666,'2022-06-17 14:22:45','2022-06-17 14:22:45','2022-06-28 15:30:00','2022-06-28 14:30:00',NULL,18),(667,'2022-06-17 14:22:45','2022-06-17 14:22:45','2022-06-28 17:00:00','2022-06-28 16:00:00',NULL,18),(668,'2022-06-17 14:22:45','2022-06-17 14:22:45','2022-06-28 10:00:00','2022-06-28 09:00:00',NULL,19),(669,'2022-06-17 14:22:45','2022-06-17 14:22:45','2022-06-28 11:30:00','2022-06-28 10:30:00',NULL,19),(670,'2022-06-17 14:22:45','2022-06-17 14:22:45','2022-06-28 14:00:00','2022-06-28 13:00:00',NULL,19),(671,'2022-06-17 14:22:45','2022-06-17 14:22:45','2022-06-28 15:30:00','2022-06-28 14:30:00',NULL,19),(672,'2022-06-17 14:22:45','2022-06-17 14:22:45','2022-06-28 17:00:00','2022-06-28 16:00:00',NULL,19),(673,'2022-06-17 14:22:45','2022-06-17 14:22:45','2022-06-28 10:00:00','2022-06-28 09:00:00',NULL,20),(674,'2022-06-17 14:22:45','2022-06-17 14:22:45','2022-06-28 11:30:00','2022-06-28 10:30:00',NULL,20),(675,'2022-06-17 14:22:45','2022-06-17 14:22:45','2022-06-28 14:00:00','2022-06-28 13:00:00',NULL,20),(676,'2022-06-17 14:22:45','2022-06-17 14:22:45','2022-06-28 15:30:00','2022-06-28 14:30:00',NULL,20),(677,'2022-06-17 14:22:45','2022-06-17 14:22:45','2022-06-28 17:00:00','2022-06-28 16:00:00',NULL,20),(678,'2022-06-17 14:22:45','2022-06-17 14:22:45','2022-06-28 10:00:00','2022-06-28 09:00:00',NULL,21),(679,'2022-06-17 14:22:45','2022-06-17 14:22:45','2022-06-28 11:30:00','2022-06-28 10:30:00',NULL,21),(680,'2022-06-17 14:22:45','2022-06-17 14:22:45','2022-06-28 14:00:00','2022-06-28 13:00:00',NULL,21),(681,'2022-06-17 14:22:45','2022-06-17 14:22:45','2022-06-28 15:30:00','2022-06-28 14:30:00',NULL,21),(682,'2022-06-17 14:22:45','2022-06-17 14:22:45','2022-06-28 17:00:00','2022-06-28 16:00:00',NULL,21),(683,'2022-06-17 14:22:45','2022-06-17 14:22:45','2022-06-28 10:00:00','2022-06-28 09:00:00',NULL,22),(684,'2022-06-17 14:22:45','2022-06-17 14:22:45','2022-06-28 11:30:00','2022-06-28 10:30:00',NULL,22),(685,'2022-06-17 14:22:45','2022-06-17 14:22:45','2022-06-28 14:00:00','2022-06-28 13:00:00',NULL,22),(686,'2022-06-17 14:22:45','2022-06-17 14:22:45','2022-06-28 15:30:00','2022-06-28 14:30:00',NULL,22),(687,'2022-06-17 14:22:45','2022-06-17 14:22:45','2022-06-28 17:00:00','2022-06-28 16:00:00',NULL,22),(688,'2022-06-17 14:22:45','2022-06-17 14:22:45','2022-06-28 10:00:00','2022-06-28 09:00:00',NULL,23),(689,'2022-06-17 14:22:45','2022-06-17 14:22:45','2022-06-28 11:30:00','2022-06-28 10:30:00',NULL,23),(690,'2022-06-17 14:22:45','2022-06-17 14:22:45','2022-06-28 14:00:00','2022-06-28 13:00:00',NULL,23),(691,'2022-06-17 14:22:45','2022-06-17 14:22:45','2022-06-28 15:30:00','2022-06-28 14:30:00',NULL,23),(692,'2022-06-17 14:22:45','2022-06-17 14:22:45','2022-06-28 17:00:00','2022-06-28 16:00:00',NULL,23),(693,'2022-06-17 14:22:45','2022-06-17 14:22:45','2022-06-28 10:00:00','2022-06-28 09:00:00',NULL,24),(694,'2022-06-17 14:22:45','2022-06-17 14:22:45','2022-06-28 11:30:00','2022-06-28 10:30:00',NULL,24),(695,'2022-06-17 14:22:45','2022-06-17 14:22:45','2022-06-28 14:00:00','2022-06-28 13:00:00',NULL,24),(696,'2022-06-17 14:22:45','2022-06-17 14:22:45','2022-06-28 15:30:00','2022-06-28 14:30:00',NULL,24),(697,'2022-06-17 14:22:45','2022-06-17 14:22:45','2022-06-28 17:00:00','2022-06-28 16:00:00',NULL,24),(698,'2022-06-17 14:22:45','2022-06-17 14:22:45','2022-06-28 10:00:00','2022-06-28 09:00:00',NULL,25),(699,'2022-06-17 14:22:45','2022-06-17 14:22:45','2022-06-28 11:30:00','2022-06-28 10:30:00',NULL,25),(700,'2022-06-17 14:22:45','2022-06-17 14:22:45','2022-06-28 14:00:00','2022-06-28 13:00:00',NULL,25),(701,'2022-06-17 14:22:45','2022-06-17 14:22:45','2022-06-28 15:30:00','2022-06-28 14:30:00',NULL,25),(702,'2022-06-17 14:22:45','2022-06-17 14:22:45','2022-06-28 17:00:00','2022-06-28 16:00:00',NULL,25),(703,'2022-06-17 14:22:45','2022-06-17 14:22:45','2022-06-29 10:00:00','2022-06-29 09:00:00',NULL,15),(704,'2022-06-17 14:22:45','2022-06-17 14:22:45','2022-06-29 11:30:00','2022-06-29 10:30:00',NULL,15),(705,'2022-06-17 14:22:45','2022-06-17 14:22:45','2022-06-29 14:00:00','2022-06-29 13:00:00',NULL,15),(706,'2022-06-17 14:22:45','2022-06-17 14:22:45','2022-06-29 15:30:00','2022-06-29 14:30:00',NULL,15),(707,'2022-06-17 14:22:45','2022-06-17 14:22:45','2022-06-29 17:00:00','2022-06-29 16:00:00',NULL,15),(708,'2022-06-17 14:22:45','2022-06-17 14:22:45','2022-06-29 10:00:00','2022-06-29 09:00:00',NULL,16),(709,'2022-06-17 14:22:45','2022-06-17 14:22:45','2022-06-29 11:30:00','2022-06-29 10:30:00',NULL,16),(710,'2022-06-17 14:22:45','2022-06-17 14:22:45','2022-06-29 14:00:00','2022-06-29 13:00:00',NULL,16),(711,'2022-06-17 14:22:45','2022-06-17 14:22:45','2022-06-29 15:30:00','2022-06-29 14:30:00',NULL,16),(712,'2022-06-17 14:22:45','2022-06-17 14:22:45','2022-06-29 17:00:00','2022-06-29 16:00:00',NULL,16),(713,'2022-06-17 14:22:45','2022-06-17 14:22:45','2022-06-29 10:00:00','2022-06-29 09:00:00',NULL,17),(714,'2022-06-17 14:22:45','2022-06-17 14:22:45','2022-06-29 11:30:00','2022-06-29 10:30:00',NULL,17),(715,'2022-06-17 14:22:45','2022-06-17 14:22:45','2022-06-29 14:00:00','2022-06-29 13:00:00',NULL,17),(716,'2022-06-17 14:22:45','2022-06-17 14:22:45','2022-06-29 15:30:00','2022-06-29 14:30:00',NULL,17),(717,'2022-06-17 14:22:45','2022-06-17 14:22:45','2022-06-29 17:00:00','2022-06-29 16:00:00',NULL,17),(718,'2022-06-17 14:22:45','2022-06-17 14:22:45','2022-06-29 10:00:00','2022-06-29 09:00:00',NULL,18),(719,'2022-06-17 14:22:45','2022-06-17 14:22:45','2022-06-29 11:30:00','2022-06-29 10:30:00',NULL,18),(720,'2022-06-17 14:22:45','2022-06-17 14:22:45','2022-06-29 14:00:00','2022-06-29 13:00:00',NULL,18),(721,'2022-06-17 14:22:45','2022-06-17 14:22:45','2022-06-29 15:30:00','2022-06-29 14:30:00',NULL,18),(722,'2022-06-17 14:22:45','2022-06-17 14:22:45','2022-06-29 17:00:00','2022-06-29 16:00:00',NULL,18),(723,'2022-06-17 14:22:45','2022-06-17 14:22:45','2022-06-29 10:00:00','2022-06-29 09:00:00',NULL,19),(724,'2022-06-17 14:22:45','2022-06-17 14:22:45','2022-06-29 11:30:00','2022-06-29 10:30:00',NULL,19),(725,'2022-06-17 14:22:45','2022-06-17 14:22:45','2022-06-29 14:00:00','2022-06-29 13:00:00',NULL,19),(726,'2022-06-17 14:22:45','2022-06-17 14:22:45','2022-06-29 15:30:00','2022-06-29 14:30:00',NULL,19),(727,'2022-06-17 14:22:45','2022-06-17 14:22:45','2022-06-29 17:00:00','2022-06-29 16:00:00',NULL,19),(728,'2022-06-17 14:22:45','2022-06-17 14:22:45','2022-06-29 10:00:00','2022-06-29 09:00:00',NULL,20),(729,'2022-06-17 14:22:45','2022-06-17 14:22:45','2022-06-29 11:30:00','2022-06-29 10:30:00',NULL,20),(730,'2022-06-17 14:22:45','2022-06-17 14:22:45','2022-06-29 14:00:00','2022-06-29 13:00:00',NULL,20),(731,'2022-06-17 14:22:45','2022-06-17 14:22:45','2022-06-29 15:30:00','2022-06-29 14:30:00',NULL,20),(732,'2022-06-17 14:22:45','2022-06-17 14:22:45','2022-06-29 17:00:00','2022-06-29 16:00:00',NULL,20),(733,'2022-06-17 14:22:45','2022-06-17 14:22:45','2022-06-29 10:00:00','2022-06-29 09:00:00',NULL,21),(734,'2022-06-17 14:22:45','2022-06-17 14:22:45','2022-06-29 11:30:00','2022-06-29 10:30:00',NULL,21),(735,'2022-06-17 14:22:45','2022-06-17 14:22:45','2022-06-29 14:00:00','2022-06-29 13:00:00',NULL,21),(736,'2022-06-17 14:22:45','2022-06-17 14:22:45','2022-06-29 15:30:00','2022-06-29 14:30:00',NULL,21),(737,'2022-06-17 14:22:45','2022-06-17 14:22:45','2022-06-29 17:00:00','2022-06-29 16:00:00',NULL,21),(738,'2022-06-17 14:22:45','2022-06-17 14:22:45','2022-06-29 10:00:00','2022-06-29 09:00:00',NULL,22),(739,'2022-06-17 14:22:45','2022-06-17 14:22:45','2022-06-29 11:30:00','2022-06-29 10:30:00',NULL,22),(740,'2022-06-17 14:22:45','2022-06-17 14:22:45','2022-06-29 14:00:00','2022-06-29 13:00:00',NULL,22),(741,'2022-06-17 14:22:45','2022-06-17 14:22:45','2022-06-29 15:30:00','2022-06-29 14:30:00',NULL,22),(742,'2022-06-17 14:22:45','2022-06-17 14:22:45','2022-06-29 17:00:00','2022-06-29 16:00:00',NULL,22),(743,'2022-06-17 14:22:45','2022-06-17 14:22:45','2022-06-29 10:00:00','2022-06-29 09:00:00',NULL,23),(744,'2022-06-17 14:22:45','2022-06-17 14:22:45','2022-06-29 11:30:00','2022-06-29 10:30:00',NULL,23),(745,'2022-06-17 14:22:45','2022-06-17 14:22:45','2022-06-29 14:00:00','2022-06-29 13:00:00',NULL,23),(746,'2022-06-17 14:22:45','2022-06-17 14:22:45','2022-06-29 15:30:00','2022-06-29 14:30:00',NULL,23),(747,'2022-06-17 14:22:45','2022-06-17 14:22:45','2022-06-29 17:00:00','2022-06-29 16:00:00',NULL,23),(748,'2022-06-17 14:22:45','2022-06-17 14:22:45','2022-06-29 10:00:00','2022-06-29 09:00:00',NULL,24),(749,'2022-06-17 14:22:45','2022-06-17 14:22:45','2022-06-29 11:30:00','2022-06-29 10:30:00',NULL,24),(750,'2022-06-17 14:22:45','2022-06-17 14:22:45','2022-06-29 14:00:00','2022-06-29 13:00:00',NULL,24),(751,'2022-06-17 14:22:45','2022-06-17 14:22:45','2022-06-29 15:30:00','2022-06-29 14:30:00',NULL,24),(752,'2022-06-17 14:22:45','2022-06-17 14:22:45','2022-06-29 17:00:00','2022-06-29 16:00:00',NULL,24),(753,'2022-06-17 14:22:45','2022-06-17 14:22:45','2022-06-29 10:00:00','2022-06-29 09:00:00',NULL,25),(754,'2022-06-17 14:22:45','2022-06-17 14:22:45','2022-06-29 11:30:00','2022-06-29 10:30:00',NULL,25),(755,'2022-06-17 14:22:45','2022-06-17 14:22:45','2022-06-29 14:00:00','2022-06-29 13:00:00',NULL,25),(756,'2022-06-17 14:22:45','2022-06-17 14:22:45','2022-06-29 15:30:00','2022-06-29 14:30:00',NULL,25),(757,'2022-06-17 14:22:45','2022-06-17 14:22:45','2022-06-29 17:00:00','2022-06-29 16:00:00',NULL,25),(758,'2022-06-17 14:22:46','2022-06-17 14:22:46','2022-06-30 10:00:00','2022-06-30 09:00:00',NULL,15),(759,'2022-06-17 14:22:46','2022-06-17 14:22:46','2022-06-30 11:30:00','2022-06-30 10:30:00',NULL,15),(760,'2022-06-17 14:22:46','2022-06-17 14:22:46','2022-06-30 14:00:00','2022-06-30 13:00:00',NULL,15),(761,'2022-06-17 14:22:46','2022-06-17 14:22:46','2022-06-30 15:30:00','2022-06-30 14:30:00',NULL,15),(762,'2022-06-17 14:22:46','2022-06-17 14:22:46','2022-06-30 17:00:00','2022-06-30 16:00:00',NULL,15),(763,'2022-06-17 14:22:46','2022-06-17 14:22:46','2022-06-30 10:00:00','2022-06-30 09:00:00',NULL,16),(764,'2022-06-17 14:22:46','2022-06-17 14:22:46','2022-06-30 11:30:00','2022-06-30 10:30:00',NULL,16),(765,'2022-06-17 14:22:46','2022-06-17 14:22:46','2022-06-30 14:00:00','2022-06-30 13:00:00',NULL,16),(766,'2022-06-17 14:22:46','2022-06-17 14:22:46','2022-06-30 15:30:00','2022-06-30 14:30:00',NULL,16),(767,'2022-06-17 14:22:46','2022-06-17 14:22:46','2022-06-30 17:00:00','2022-06-30 16:00:00',NULL,16),(768,'2022-06-17 14:22:46','2022-06-17 14:22:46','2022-06-30 10:00:00','2022-06-30 09:00:00',NULL,17),(769,'2022-06-17 14:22:46','2022-06-17 14:22:46','2022-06-30 11:30:00','2022-06-30 10:30:00',NULL,17),(770,'2022-06-17 14:22:46','2022-06-17 14:22:46','2022-06-30 14:00:00','2022-06-30 13:00:00',NULL,17),(771,'2022-06-17 14:22:46','2022-06-17 14:22:46','2022-06-30 15:30:00','2022-06-30 14:30:00',NULL,17),(772,'2022-06-17 14:22:46','2022-06-17 14:22:46','2022-06-30 17:00:00','2022-06-30 16:00:00',NULL,17),(773,'2022-06-17 14:22:46','2022-06-17 14:22:46','2022-06-30 10:00:00','2022-06-30 09:00:00',NULL,18),(774,'2022-06-17 14:22:46','2022-06-17 14:22:46','2022-06-30 11:30:00','2022-06-30 10:30:00',NULL,18),(775,'2022-06-17 14:22:46','2022-06-17 14:22:46','2022-06-30 14:00:00','2022-06-30 13:00:00',NULL,18),(776,'2022-06-17 14:22:46','2022-06-17 14:22:46','2022-06-30 15:30:00','2022-06-30 14:30:00',NULL,18),(777,'2022-06-17 14:22:46','2022-06-17 14:22:46','2022-06-30 17:00:00','2022-06-30 16:00:00',NULL,18),(778,'2022-06-17 14:22:46','2022-06-17 14:22:46','2022-06-30 10:00:00','2022-06-30 09:00:00',NULL,19),(779,'2022-06-17 14:22:46','2022-06-17 14:22:46','2022-06-30 11:30:00','2022-06-30 10:30:00',NULL,19),(780,'2022-06-17 14:22:46','2022-06-17 14:22:46','2022-06-30 14:00:00','2022-06-30 13:00:00',NULL,19),(781,'2022-06-17 14:22:46','2022-06-17 14:22:46','2022-06-30 15:30:00','2022-06-30 14:30:00',NULL,19),(782,'2022-06-17 14:22:46','2022-06-17 14:22:46','2022-06-30 17:00:00','2022-06-30 16:00:00',NULL,19),(783,'2022-06-17 14:22:46','2022-06-17 14:22:46','2022-06-30 10:00:00','2022-06-30 09:00:00',NULL,20),(784,'2022-06-17 14:22:46','2022-06-17 14:22:46','2022-06-30 11:30:00','2022-06-30 10:30:00',NULL,20),(785,'2022-06-17 14:22:46','2022-06-17 14:22:46','2022-06-30 14:00:00','2022-06-30 13:00:00',NULL,20),(786,'2022-06-17 14:22:46','2022-06-17 14:22:46','2022-06-30 15:30:00','2022-06-30 14:30:00',NULL,20),(787,'2022-06-17 14:22:46','2022-06-17 14:22:46','2022-06-30 17:00:00','2022-06-30 16:00:00',NULL,20),(788,'2022-06-17 14:22:46','2022-06-17 14:22:46','2022-06-30 10:00:00','2022-06-30 09:00:00',NULL,21),(789,'2022-06-17 14:22:46','2022-06-17 14:22:46','2022-06-30 11:30:00','2022-06-30 10:30:00',NULL,21),(790,'2022-06-17 14:22:46','2022-06-17 14:22:46','2022-06-30 14:00:00','2022-06-30 13:00:00',NULL,21),(791,'2022-06-17 14:22:46','2022-06-17 14:22:46','2022-06-30 15:30:00','2022-06-30 14:30:00',NULL,21),(792,'2022-06-17 14:22:46','2022-06-17 14:22:46','2022-06-30 17:00:00','2022-06-30 16:00:00',NULL,21),(793,'2022-06-17 14:22:46','2022-06-17 14:22:46','2022-06-30 10:00:00','2022-06-30 09:00:00',NULL,22),(794,'2022-06-17 14:22:46','2022-06-17 14:22:46','2022-06-30 11:30:00','2022-06-30 10:30:00',NULL,22),(795,'2022-06-17 14:22:46','2022-06-17 14:22:46','2022-06-30 14:00:00','2022-06-30 13:00:00',NULL,22),(796,'2022-06-17 14:22:46','2022-06-17 14:22:46','2022-06-30 15:30:00','2022-06-30 14:30:00',NULL,22),(797,'2022-06-17 14:22:46','2022-06-17 14:22:46','2022-06-30 17:00:00','2022-06-30 16:00:00',NULL,22),(798,'2022-06-17 14:22:46','2022-06-17 14:22:46','2022-06-30 10:00:00','2022-06-30 09:00:00',NULL,23),(799,'2022-06-17 14:22:46','2022-06-17 14:22:46','2022-06-30 11:30:00','2022-06-30 10:30:00',NULL,23),(800,'2022-06-17 14:22:46','2022-06-17 14:22:46','2022-06-30 14:00:00','2022-06-30 13:00:00',NULL,23),(801,'2022-06-17 14:22:46','2022-06-17 14:22:46','2022-06-30 15:30:00','2022-06-30 14:30:00',NULL,23),(802,'2022-06-17 14:22:46','2022-06-17 14:22:46','2022-06-30 17:00:00','2022-06-30 16:00:00',NULL,23),(803,'2022-06-17 14:22:46','2022-06-17 14:22:46','2022-06-30 10:00:00','2022-06-30 09:00:00',NULL,24),(804,'2022-06-17 14:22:46','2022-06-17 14:22:46','2022-06-30 11:30:00','2022-06-30 10:30:00',NULL,24),(805,'2022-06-17 14:22:46','2022-06-17 14:22:46','2022-06-30 14:00:00','2022-06-30 13:00:00',NULL,24),(806,'2022-06-17 14:22:46','2022-06-17 14:22:46','2022-06-30 15:30:00','2022-06-30 14:30:00',NULL,24),(807,'2022-06-17 14:22:46','2022-06-17 14:22:46','2022-06-30 17:00:00','2022-06-30 16:00:00',NULL,24),(808,'2022-06-17 14:22:46','2022-06-17 14:22:46','2022-06-30 10:00:00','2022-06-30 09:00:00',NULL,25),(809,'2022-06-17 14:22:46','2022-06-17 14:22:46','2022-06-30 11:30:00','2022-06-30 10:30:00',NULL,25),(810,'2022-06-17 14:22:46','2022-06-17 14:22:46','2022-06-30 14:00:00','2022-06-30 13:00:00',NULL,25),(811,'2022-06-17 14:22:46','2022-06-17 14:22:46','2022-06-30 15:30:00','2022-06-30 14:30:00',NULL,25),(812,'2022-06-17 14:22:46','2022-06-17 14:22:46','2022-06-30 17:00:00','2022-06-30 16:00:00',NULL,25);
/*!40000 ALTER TABLE `time_slots` ENABLE KEYS */;
UNLOCK TABLES;

--
-- Table structure for table `time_slots_default`
--

DROP TABLE IF EXISTS `time_slots_default`;
/*!40101 SET @saved_cs_client     = @@character_set_client */;
/*!50503 SET character_set_client = utf8mb4 */;
CREATE TABLE `time_slots_default` (
  `doctor_id` bigint NOT NULL,
  `time_end` time NOT NULL,
  `time_start` time NOT NULL,
  `weekday` int NOT NULL,
  `created_at` datetime DEFAULT CURRENT_TIMESTAMP,
  `status` int NOT NULL,
  PRIMARY KEY (`doctor_id`,`time_end`,`time_start`,`weekday`),
  CONSTRAINT `time_slot_default_user_fk` FOREIGN KEY (`doctor_id`) REFERENCES `users` (`id`)
) ENGINE=InnoDB DEFAULT CHARSET=utf8mb4 COLLATE=utf8mb4_0900_ai_ci;
/*!40101 SET character_set_client = @saved_cs_client */;

--
-- Dumping data for table `time_slots_default`
--

LOCK TABLES `time_slots_default` WRITE;
/*!40000 ALTER TABLE `time_slots_default` DISABLE KEYS */;
INSERT INTO `time_slots_default` VALUES (9,'10:00:00','09:00:00',0,'2022-06-15 19:58:52',1),(9,'10:00:00','09:00:00',2,'2022-06-15 19:58:52',1),(9,'10:30:00','10:00:00',5,'2022-06-15 19:58:52',1),(9,'11:00:00','10:00:00',1,'2022-06-15 19:58:52',1),(9,'11:30:00','10:30:00',0,'2022-06-15 19:58:52',1),(9,'12:00:00','10:00:00',6,'2022-06-15 19:58:52',0),(9,'14:30:00','13:30:00',0,'2022-06-15 19:58:52',1),(9,'16:00:00','14:00:00',3,'2022-06-15 19:58:52',1),(9,'16:00:00','15:00:00',2,'2022-06-15 19:58:52',1),(9,'18:30:00','16:30:00',3,'2022-06-15 19:58:52',1),(9,'19:00:00','18:00:00',4,'2022-06-15 19:58:52',1),(9,'21:00:00','20:00:00',4,'2022-06-15 19:58:52',1),(11,'09:00:00','08:00:00',0,'2022-06-17 13:13:03',1),(11,'10:00:00','09:00:00',0,'2022-06-17 13:13:03',1),(11,'11:00:00','10:00:00',0,'2022-06-17 13:13:03',1),(11,'12:00:00','11:00:00',0,'2022-06-17 13:13:03',1),(11,'13:00:00','12:00:00',0,'2022-06-17 13:13:03',1),(11,'14:00:00','13:00:00',0,'2022-06-17 13:13:03',1),(15,'10:00:00','09:00:00',0,'2022-06-17 13:50:19',1),(15,'10:00:00','09:00:00',1,'2022-06-17 13:50:19',1),(15,'10:00:00','09:00:00',2,'2022-06-17 13:50:19',1),(15,'10:00:00','09:00:00',3,'2022-06-17 13:50:19',1),(15,'10:00:00','09:00:00',4,'2022-06-17 13:50:19',1),(15,'10:00:00','09:00:00',5,'2022-06-17 13:50:19',1),(15,'10:00:00','09:00:00',6,'2022-06-17 13:50:19',1),(15,'11:30:00','10:30:00',0,'2022-06-17 13:50:19',1),(15,'11:30:00','10:30:00',1,'2022-06-17 13:50:19',1),(15,'11:30:00','10:30:00',2,'2022-06-17 13:50:19',1),(15,'11:30:00','10:30:00',3,'2022-06-17 13:50:19',1),(15,'11:30:00','10:30:00',4,'2022-06-17 13:50:19',1),(15,'11:30:00','10:30:00',5,'2022-06-17 13:50:19',1),(15,'11:30:00','10:30:00',6,'2022-06-17 13:50:19',1),(15,'14:00:00','13:00:00',0,'2022-06-17 13:50:19',1),(15,'14:00:00','13:00:00',1,'2022-06-17 13:50:19',1),(15,'14:00:00','13:00:00',2,'2022-06-17 13:50:19',1),(15,'14:00:00','13:00:00',3,'2022-06-17 13:50:19',1),(15,'14:00:00','13:00:00',4,'2022-06-17 13:50:19',1),(15,'14:00:00','13:00:00',5,'2022-06-17 13:50:19',1),(15,'14:00:00','13:00:00',6,'2022-06-17 13:50:19',1),(15,'15:30:00','14:30:00',0,'2022-06-17 13:50:19',1),(15,'15:30:00','14:30:00',1,'2022-06-17 13:50:19',1),(15,'15:30:00','14:30:00',2,'2022-06-17 13:50:19',1),(15,'15:30:00','14:30:00',3,'2022-06-17 13:50:19',1),(15,'15:30:00','14:30:00',4,'2022-06-17 13:50:19',1),(15,'15:30:00','14:30:00',5,'2022-06-17 13:50:19',1),(15,'15:30:00','14:30:00',6,'2022-06-17 13:50:19',1),(15,'17:00:00','16:00:00',0,'2022-06-17 13:50:19',1),(15,'17:00:00','16:00:00',1,'2022-06-17 13:50:19',1),(15,'17:00:00','16:00:00',2,'2022-06-17 13:50:19',1),(15,'17:00:00','16:00:00',3,'2022-06-17 13:50:19',1),(15,'17:00:00','16:00:00',4,'2022-06-17 13:50:19',1),(15,'17:00:00','16:00:00',5,'2022-06-17 13:50:19',1),(15,'17:00:00','16:00:00',6,'2022-06-17 13:50:19',1),(16,'10:00:00','09:00:00',0,'2022-06-17 13:51:16',1),(16,'10:00:00','09:00:00',1,'2022-06-17 13:51:16',1),(16,'10:00:00','09:00:00',2,'2022-06-17 13:51:16',1),(16,'10:00:00','09:00:00',3,'2022-06-17 13:51:16',1),(16,'10:00:00','09:00:00',4,'2022-06-17 13:51:16',1),(16,'10:00:00','09:00:00',5,'2022-06-17 13:51:16',1),(16,'10:00:00','09:00:00',6,'2022-06-17 13:51:16',1),(16,'11:30:00','10:30:00',0,'2022-06-17 13:51:16',1),(16,'11:30:00','10:30:00',1,'2022-06-17 13:51:16',1),(16,'11:30:00','10:30:00',2,'2022-06-17 13:51:16',1),(16,'11:30:00','10:30:00',3,'2022-06-17 13:51:16',1),(16,'11:30:00','10:30:00',4,'2022-06-17 13:51:16',1),(16,'11:30:00','10:30:00',5,'2022-06-17 13:51:16',1),(16,'11:30:00','10:30:00',6,'2022-06-17 13:51:16',1),(16,'14:00:00','13:00:00',0,'2022-06-17 13:51:16',1),(16,'14:00:00','13:00:00',1,'2022-06-17 13:51:16',1),(16,'14:00:00','13:00:00',2,'2022-06-17 13:51:16',1),(16,'14:00:00','13:00:00',3,'2022-06-17 13:51:16',1),(16,'14:00:00','13:00:00',4,'2022-06-17 13:51:16',1),(16,'14:00:00','13:00:00',5,'2022-06-17 13:51:16',1),(16,'14:00:00','13:00:00',6,'2022-06-17 13:51:16',1),(16,'15:30:00','14:30:00',0,'2022-06-17 13:51:16',1),(16,'15:30:00','14:30:00',1,'2022-06-17 13:51:16',1),(16,'15:30:00','14:30:00',2,'2022-06-17 13:51:16',1),(16,'15:30:00','14:30:00',3,'2022-06-17 13:51:16',1),(16,'15:30:00','14:30:00',4,'2022-06-17 13:51:16',1),(16,'15:30:00','14:30:00',5,'2022-06-17 13:51:16',1),(16,'15:30:00','14:30:00',6,'2022-06-17 13:51:16',1),(16,'17:00:00','16:00:00',0,'2022-06-17 13:51:16',1),(16,'17:00:00','16:00:00',1,'2022-06-17 13:51:16',1),(16,'17:00:00','16:00:00',2,'2022-06-17 13:51:16',1),(16,'17:00:00','16:00:00',3,'2022-06-17 13:51:16',1),(16,'17:00:00','16:00:00',4,'2022-06-17 13:51:16',1),(16,'17:00:00','16:00:00',5,'2022-06-17 13:51:16',1),(16,'17:00:00','16:00:00',6,'2022-06-17 13:51:16',1),(17,'10:00:00','09:00:00',0,'2022-06-17 13:51:29',1),(17,'10:00:00','09:00:00',1,'2022-06-17 13:51:29',1),(17,'10:00:00','09:00:00',2,'2022-06-17 13:51:29',1),(17,'10:00:00','09:00:00',3,'2022-06-17 13:51:29',1),(17,'10:00:00','09:00:00',4,'2022-06-17 13:51:29',1),(17,'10:00:00','09:00:00',5,'2022-06-17 13:51:29',1),(17,'10:00:00','09:00:00',6,'2022-06-17 13:51:29',1),(17,'11:30:00','10:30:00',0,'2022-06-17 13:51:29',1),(17,'11:30:00','10:30:00',1,'2022-06-17 13:51:29',1),(17,'11:30:00','10:30:00',2,'2022-06-17 13:51:29',1),(17,'11:30:00','10:30:00',3,'2022-06-17 13:51:29',1),(17,'11:30:00','10:30:00',4,'2022-06-17 13:51:29',1),(17,'11:30:00','10:30:00',5,'2022-06-17 13:51:29',1),(17,'11:30:00','10:30:00',6,'2022-06-17 13:51:29',1),(17,'14:00:00','13:00:00',0,'2022-06-17 13:51:29',1),(17,'14:00:00','13:00:00',1,'2022-06-17 13:51:29',1),(17,'14:00:00','13:00:00',2,'2022-06-17 13:51:29',1),(17,'14:00:00','13:00:00',3,'2022-06-17 13:51:29',1),(17,'14:00:00','13:00:00',4,'2022-06-17 13:51:29',1),(17,'14:00:00','13:00:00',5,'2022-06-17 13:51:29',1),(17,'14:00:00','13:00:00',6,'2022-06-17 13:51:29',1),(17,'15:30:00','14:30:00',0,'2022-06-17 13:51:29',1),(17,'15:30:00','14:30:00',1,'2022-06-17 13:51:29',1),(17,'15:30:00','14:30:00',2,'2022-06-17 13:51:29',1),(17,'15:30:00','14:30:00',3,'2022-06-17 13:51:29',1),(17,'15:30:00','14:30:00',4,'2022-06-17 13:51:29',1),(17,'15:30:00','14:30:00',5,'2022-06-17 13:51:29',1),(17,'15:30:00','14:30:00',6,'2022-06-17 13:51:29',1),(17,'17:00:00','16:00:00',0,'2022-06-17 13:51:29',1),(17,'17:00:00','16:00:00',1,'2022-06-17 13:51:29',1),(17,'17:00:00','16:00:00',2,'2022-06-17 13:51:29',1),(17,'17:00:00','16:00:00',3,'2022-06-17 13:51:29',1),(17,'17:00:00','16:00:00',4,'2022-06-17 13:51:29',1),(17,'17:00:00','16:00:00',5,'2022-06-17 13:51:29',1),(17,'17:00:00','16:00:00',6,'2022-06-17 13:51:29',1),(18,'10:00:00','09:00:00',0,'2022-06-17 13:51:50',1),(18,'10:00:00','09:00:00',1,'2022-06-17 13:51:50',1),(18,'10:00:00','09:00:00',2,'2022-06-17 13:51:50',1),(18,'10:00:00','09:00:00',3,'2022-06-17 13:51:50',1),(18,'10:00:00','09:00:00',4,'2022-06-17 13:51:50',1),(18,'10:00:00','09:00:00',5,'2022-06-17 13:51:50',1),(18,'10:00:00','09:00:00',6,'2022-06-17 13:51:50',1),(18,'11:30:00','10:30:00',0,'2022-06-17 13:51:50',1),(18,'11:30:00','10:30:00',1,'2022-06-17 13:51:50',1),(18,'11:30:00','10:30:00',2,'2022-06-17 13:51:50',1),(18,'11:30:00','10:30:00',3,'2022-06-17 13:51:50',1),(18,'11:30:00','10:30:00',4,'2022-06-17 13:51:50',1),(18,'11:30:00','10:30:00',5,'2022-06-17 13:51:50',1),(18,'11:30:00','10:30:00',6,'2022-06-17 13:51:50',1),(18,'14:00:00','13:00:00',0,'2022-06-17 13:51:50',1),(18,'14:00:00','13:00:00',1,'2022-06-17 13:51:50',1),(18,'14:00:00','13:00:00',2,'2022-06-17 13:51:50',1),(18,'14:00:00','13:00:00',3,'2022-06-17 13:51:50',1),(18,'14:00:00','13:00:00',4,'2022-06-17 13:51:50',1),(18,'14:00:00','13:00:00',5,'2022-06-17 13:51:50',1),(18,'14:00:00','13:00:00',6,'2022-06-17 13:51:50',1),(18,'15:30:00','14:30:00',0,'2022-06-17 13:51:50',1),(18,'15:30:00','14:30:00',1,'2022-06-17 13:51:50',1),(18,'15:30:00','14:30:00',2,'2022-06-17 13:51:50',1),(18,'15:30:00','14:30:00',3,'2022-06-17 13:51:50',1),(18,'15:30:00','14:30:00',4,'2022-06-17 13:51:50',1),(18,'15:30:00','14:30:00',5,'2022-06-17 13:51:50',1),(18,'15:30:00','14:30:00',6,'2022-06-17 13:51:50',1),(18,'17:00:00','16:00:00',0,'2022-06-17 13:51:50',1),(18,'17:00:00','16:00:00',1,'2022-06-17 13:51:50',1),(18,'17:00:00','16:00:00',2,'2022-06-17 13:51:50',1),(18,'17:00:00','16:00:00',3,'2022-06-17 13:51:50',1),(18,'17:00:00','16:00:00',4,'2022-06-17 13:51:50',1),(18,'17:00:00','16:00:00',5,'2022-06-17 13:51:50',1),(18,'17:00:00','16:00:00',6,'2022-06-17 13:51:50',1),(19,'10:00:00','09:00:00',0,'2022-06-17 13:52:00',1),(19,'10:00:00','09:00:00',1,'2022-06-17 13:52:00',1),(19,'10:00:00','09:00:00',2,'2022-06-17 13:52:00',1),(19,'10:00:00','09:00:00',3,'2022-06-17 13:52:00',1),(19,'10:00:00','09:00:00',4,'2022-06-17 13:52:00',1),(19,'10:00:00','09:00:00',5,'2022-06-17 13:52:00',1),(19,'10:00:00','09:00:00',6,'2022-06-17 13:52:00',1),(19,'11:30:00','10:30:00',0,'2022-06-17 13:52:00',1),(19,'11:30:00','10:30:00',1,'2022-06-17 13:52:00',1),(19,'11:30:00','10:30:00',2,'2022-06-17 13:52:00',1),(19,'11:30:00','10:30:00',3,'2022-06-17 13:52:00',1),(19,'11:30:00','10:30:00',4,'2022-06-17 13:52:00',1),(19,'11:30:00','10:30:00',5,'2022-06-17 13:52:00',1),(19,'11:30:00','10:30:00',6,'2022-06-17 13:52:00',1),(19,'14:00:00','13:00:00',0,'2022-06-17 13:52:00',1),(19,'14:00:00','13:00:00',1,'2022-06-17 13:52:00',1),(19,'14:00:00','13:00:00',2,'2022-06-17 13:52:00',1),(19,'14:00:00','13:00:00',3,'2022-06-17 13:52:00',1),(19,'14:00:00','13:00:00',4,'2022-06-17 13:52:00',1),(19,'14:00:00','13:00:00',5,'2022-06-17 13:52:00',1),(19,'14:00:00','13:00:00',6,'2022-06-17 13:52:00',1),(19,'15:30:00','14:30:00',0,'2022-06-17 13:52:00',1),(19,'15:30:00','14:30:00',1,'2022-06-17 13:52:00',1),(19,'15:30:00','14:30:00',2,'2022-06-17 13:52:00',1),(19,'15:30:00','14:30:00',3,'2022-06-17 13:52:00',1),(19,'15:30:00','14:30:00',4,'2022-06-17 13:52:00',1),(19,'15:30:00','14:30:00',5,'2022-06-17 13:52:00',1),(19,'15:30:00','14:30:00',6,'2022-06-17 13:52:00',1),(19,'17:00:00','16:00:00',0,'2022-06-17 13:52:00',1),(19,'17:00:00','16:00:00',1,'2022-06-17 13:52:00',1),(19,'17:00:00','16:00:00',2,'2022-06-17 13:52:00',1),(19,'17:00:00','16:00:00',3,'2022-06-17 13:52:00',1),(19,'17:00:00','16:00:00',4,'2022-06-17 13:52:00',1),(19,'17:00:00','16:00:00',5,'2022-06-17 13:52:00',1),(19,'17:00:00','16:00:00',6,'2022-06-17 13:52:00',1),(20,'10:00:00','09:00:00',0,'2022-06-17 13:52:05',1),(20,'10:00:00','09:00:00',1,'2022-06-17 13:52:05',1),(20,'10:00:00','09:00:00',2,'2022-06-17 13:52:05',1),(20,'10:00:00','09:00:00',3,'2022-06-17 13:52:05',1),(20,'10:00:00','09:00:00',4,'2022-06-17 13:52:05',1),(20,'10:00:00','09:00:00',5,'2022-06-17 13:52:05',1),(20,'10:00:00','09:00:00',6,'2022-06-17 13:52:05',1),(20,'11:30:00','10:30:00',0,'2022-06-17 13:52:05',1),(20,'11:30:00','10:30:00',1,'2022-06-17 13:52:05',1),(20,'11:30:00','10:30:00',2,'2022-06-17 13:52:05',1),(20,'11:30:00','10:30:00',3,'2022-06-17 13:52:05',1),(20,'11:30:00','10:30:00',4,'2022-06-17 13:52:05',1),(20,'11:30:00','10:30:00',5,'2022-06-17 13:52:05',1),(20,'11:30:00','10:30:00',6,'2022-06-17 13:52:05',1),(20,'14:00:00','13:00:00',0,'2022-06-17 13:52:05',1),(20,'14:00:00','13:00:00',1,'2022-06-17 13:52:05',1),(20,'14:00:00','13:00:00',2,'2022-06-17 13:52:05',1),(20,'14:00:00','13:00:00',3,'2022-06-17 13:52:05',1),(20,'14:00:00','13:00:00',4,'2022-06-17 13:52:05',1),(20,'14:00:00','13:00:00',5,'2022-06-17 13:52:05',1),(20,'14:00:00','13:00:00',6,'2022-06-17 13:52:05',1),(20,'15:30:00','14:30:00',0,'2022-06-17 13:52:05',1),(20,'15:30:00','14:30:00',1,'2022-06-17 13:52:05',1),(20,'15:30:00','14:30:00',2,'2022-06-17 13:52:05',1),(20,'15:30:00','14:30:00',3,'2022-06-17 13:52:05',1),(20,'15:30:00','14:30:00',4,'2022-06-17 13:52:05',1),(20,'15:30:00','14:30:00',5,'2022-06-17 13:52:05',1),(20,'15:30:00','14:30:00',6,'2022-06-17 13:52:05',1),(20,'17:00:00','16:00:00',0,'2022-06-17 13:52:05',1),(20,'17:00:00','16:00:00',1,'2022-06-17 13:52:05',1),(20,'17:00:00','16:00:00',2,'2022-06-17 13:52:05',1),(20,'17:00:00','16:00:00',3,'2022-06-17 13:52:05',1),(20,'17:00:00','16:00:00',4,'2022-06-17 13:52:05',1),(20,'17:00:00','16:00:00',5,'2022-06-17 13:52:05',1),(20,'17:00:00','16:00:00',6,'2022-06-17 13:52:05',1),(21,'10:00:00','09:00:00',0,'2022-06-17 13:52:17',1),(21,'10:00:00','09:00:00',1,'2022-06-17 13:52:17',1),(21,'10:00:00','09:00:00',2,'2022-06-17 13:52:17',1),(21,'10:00:00','09:00:00',3,'2022-06-17 13:52:17',1),(21,'10:00:00','09:00:00',4,'2022-06-17 13:52:17',1),(21,'10:00:00','09:00:00',5,'2022-06-17 13:52:17',1),(21,'10:00:00','09:00:00',6,'2022-06-17 13:52:17',1),(21,'11:30:00','10:30:00',0,'2022-06-17 13:52:17',1),(21,'11:30:00','10:30:00',1,'2022-06-17 13:52:17',1),(21,'11:30:00','10:30:00',2,'2022-06-17 13:52:17',1),(21,'11:30:00','10:30:00',3,'2022-06-17 13:52:17',1),(21,'11:30:00','10:30:00',4,'2022-06-17 13:52:17',1),(21,'11:30:00','10:30:00',5,'2022-06-17 13:52:17',1),(21,'11:30:00','10:30:00',6,'2022-06-17 13:52:17',1),(21,'14:00:00','13:00:00',0,'2022-06-17 13:52:17',1),(21,'14:00:00','13:00:00',1,'2022-06-17 13:52:17',1),(21,'14:00:00','13:00:00',2,'2022-06-17 13:52:17',1),(21,'14:00:00','13:00:00',3,'2022-06-17 13:52:17',1),(21,'14:00:00','13:00:00',4,'2022-06-17 13:52:17',1),(21,'14:00:00','13:00:00',5,'2022-06-17 13:52:17',1),(21,'14:00:00','13:00:00',6,'2022-06-17 13:52:17',1),(21,'15:30:00','14:30:00',0,'2022-06-17 13:52:17',1),(21,'15:30:00','14:30:00',1,'2022-06-17 13:52:17',1),(21,'15:30:00','14:30:00',2,'2022-06-17 13:52:17',1),(21,'15:30:00','14:30:00',3,'2022-06-17 13:52:17',1),(21,'15:30:00','14:30:00',4,'2022-06-17 13:52:17',1),(21,'15:30:00','14:30:00',5,'2022-06-17 13:52:17',1),(21,'15:30:00','14:30:00',6,'2022-06-17 13:52:17',1),(21,'17:00:00','16:00:00',0,'2022-06-17 13:52:17',1),(21,'17:00:00','16:00:00',1,'2022-06-17 13:52:17',1),(21,'17:00:00','16:00:00',2,'2022-06-17 13:52:17',1),(21,'17:00:00','16:00:00',3,'2022-06-17 13:52:17',1),(21,'17:00:00','16:00:00',4,'2022-06-17 13:52:17',1),(21,'17:00:00','16:00:00',5,'2022-06-17 13:52:17',1),(21,'17:00:00','16:00:00',6,'2022-06-17 13:52:17',1),(22,'10:00:00','09:00:00',0,'2022-06-17 13:52:28',1),(22,'10:00:00','09:00:00',1,'2022-06-17 13:52:28',1),(22,'10:00:00','09:00:00',2,'2022-06-17 13:52:28',1),(22,'10:00:00','09:00:00',3,'2022-06-17 13:52:28',1),(22,'10:00:00','09:00:00',4,'2022-06-17 13:52:28',1),(22,'10:00:00','09:00:00',5,'2022-06-17 13:52:28',1),(22,'10:00:00','09:00:00',6,'2022-06-17 13:52:28',1),(22,'11:30:00','10:30:00',0,'2022-06-17 13:52:28',1),(22,'11:30:00','10:30:00',1,'2022-06-17 13:52:28',1),(22,'11:30:00','10:30:00',2,'2022-06-17 13:52:28',1),(22,'11:30:00','10:30:00',3,'2022-06-17 13:52:28',1),(22,'11:30:00','10:30:00',4,'2022-06-17 13:52:28',1),(22,'11:30:00','10:30:00',5,'2022-06-17 13:52:28',1),(22,'11:30:00','10:30:00',6,'2022-06-17 13:52:28',1),(22,'14:00:00','13:00:00',0,'2022-06-17 13:52:28',1),(22,'14:00:00','13:00:00',1,'2022-06-17 13:52:28',1),(22,'14:00:00','13:00:00',2,'2022-06-17 13:52:28',1),(22,'14:00:00','13:00:00',3,'2022-06-17 13:52:28',1),(22,'14:00:00','13:00:00',4,'2022-06-17 13:52:28',1),(22,'14:00:00','13:00:00',5,'2022-06-17 13:52:28',1),(22,'14:00:00','13:00:00',6,'2022-06-17 13:52:28',1),(22,'15:30:00','14:30:00',0,'2022-06-17 13:52:28',1),(22,'15:30:00','14:30:00',1,'2022-06-17 13:52:28',1),(22,'15:30:00','14:30:00',2,'2022-06-17 13:52:28',1),(22,'15:30:00','14:30:00',3,'2022-06-17 13:52:28',1),(22,'15:30:00','14:30:00',4,'2022-06-17 13:52:28',1),(22,'15:30:00','14:30:00',5,'2022-06-17 13:52:28',1),(22,'15:30:00','14:30:00',6,'2022-06-17 13:52:28',1),(22,'17:00:00','16:00:00',0,'2022-06-17 13:52:28',1),(22,'17:00:00','16:00:00',1,'2022-06-17 13:52:28',1),(22,'17:00:00','16:00:00',2,'2022-06-17 13:52:28',1),(22,'17:00:00','16:00:00',3,'2022-06-17 13:52:28',1),(22,'17:00:00','16:00:00',4,'2022-06-17 13:52:28',1),(22,'17:00:00','16:00:00',5,'2022-06-17 13:52:28',1),(22,'17:00:00','16:00:00',6,'2022-06-17 13:52:28',1),(23,'10:00:00','09:00:00',0,'2022-06-17 13:52:36',1),(23,'10:00:00','09:00:00',1,'2022-06-17 13:52:36',1),(23,'10:00:00','09:00:00',2,'2022-06-17 13:52:36',1),(23,'10:00:00','09:00:00',3,'2022-06-17 13:52:36',1),(23,'10:00:00','09:00:00',4,'2022-06-17 13:52:36',1),(23,'10:00:00','09:00:00',5,'2022-06-17 13:52:36',1),(23,'10:00:00','09:00:00',6,'2022-06-17 13:52:36',1),(23,'11:30:00','10:30:00',0,'2022-06-17 13:52:36',1),(23,'11:30:00','10:30:00',1,'2022-06-17 13:52:36',1),(23,'11:30:00','10:30:00',2,'2022-06-17 13:52:36',1),(23,'11:30:00','10:30:00',3,'2022-06-17 13:52:36',1),(23,'11:30:00','10:30:00',4,'2022-06-17 13:52:36',1),(23,'11:30:00','10:30:00',5,'2022-06-17 13:52:36',1),(23,'11:30:00','10:30:00',6,'2022-06-17 13:52:36',1),(23,'14:00:00','13:00:00',0,'2022-06-17 13:52:36',1),(23,'14:00:00','13:00:00',1,'2022-06-17 13:52:36',1),(23,'14:00:00','13:00:00',2,'2022-06-17 13:52:36',1),(23,'14:00:00','13:00:00',3,'2022-06-17 13:52:36',1),(23,'14:00:00','13:00:00',4,'2022-06-17 13:52:36',1),(23,'14:00:00','13:00:00',5,'2022-06-17 13:52:36',1),(23,'14:00:00','13:00:00',6,'2022-06-17 13:52:36',1),(23,'15:30:00','14:30:00',0,'2022-06-17 13:52:36',1),(23,'15:30:00','14:30:00',1,'2022-06-17 13:52:36',1),(23,'15:30:00','14:30:00',2,'2022-06-17 13:52:36',1),(23,'15:30:00','14:30:00',3,'2022-06-17 13:52:36',1),(23,'15:30:00','14:30:00',4,'2022-06-17 13:52:36',1),(23,'15:30:00','14:30:00',5,'2022-06-17 13:52:36',1),(23,'15:30:00','14:30:00',6,'2022-06-17 13:52:36',1),(23,'17:00:00','16:00:00',0,'2022-06-17 13:52:36',1),(23,'17:00:00','16:00:00',1,'2022-06-17 13:52:36',1),(23,'17:00:00','16:00:00',2,'2022-06-17 13:52:36',1),(23,'17:00:00','16:00:00',3,'2022-06-17 13:52:36',1),(23,'17:00:00','16:00:00',4,'2022-06-17 13:52:36',1),(23,'17:00:00','16:00:00',5,'2022-06-17 13:52:36',1),(23,'17:00:00','16:00:00',6,'2022-06-17 13:52:36',1),(24,'10:00:00','09:00:00',0,'2022-06-17 13:52:45',1),(24,'10:00:00','09:00:00',1,'2022-06-17 13:52:45',1),(24,'10:00:00','09:00:00',2,'2022-06-17 13:52:45',1),(24,'10:00:00','09:00:00',3,'2022-06-17 13:52:45',1),(24,'10:00:00','09:00:00',4,'2022-06-17 13:52:45',1),(24,'10:00:00','09:00:00',5,'2022-06-17 13:52:45',1),(24,'10:00:00','09:00:00',6,'2022-06-17 13:52:45',1),(24,'11:30:00','10:30:00',0,'2022-06-17 13:52:45',1),(24,'11:30:00','10:30:00',1,'2022-06-17 13:52:45',1),(24,'11:30:00','10:30:00',2,'2022-06-17 13:52:45',1),(24,'11:30:00','10:30:00',3,'2022-06-17 13:52:45',1),(24,'11:30:00','10:30:00',4,'2022-06-17 13:52:45',1),(24,'11:30:00','10:30:00',5,'2022-06-17 13:52:45',1),(24,'11:30:00','10:30:00',6,'2022-06-17 13:52:45',1),(24,'14:00:00','13:00:00',0,'2022-06-17 13:52:45',1),(24,'14:00:00','13:00:00',1,'2022-06-17 13:52:45',1),(24,'14:00:00','13:00:00',2,'2022-06-17 13:52:45',1),(24,'14:00:00','13:00:00',3,'2022-06-17 13:52:45',1),(24,'14:00:00','13:00:00',4,'2022-06-17 13:52:45',1),(24,'14:00:00','13:00:00',5,'2022-06-17 13:52:45',1),(24,'14:00:00','13:00:00',6,'2022-06-17 13:52:45',1),(24,'15:30:00','14:30:00',0,'2022-06-17 13:52:45',1),(24,'15:30:00','14:30:00',1,'2022-06-17 13:52:45',1),(24,'15:30:00','14:30:00',2,'2022-06-17 13:52:45',1),(24,'15:30:00','14:30:00',3,'2022-06-17 13:52:45',1),(24,'15:30:00','14:30:00',4,'2022-06-17 13:52:45',1),(24,'15:30:00','14:30:00',5,'2022-06-17 13:52:45',1),(24,'15:30:00','14:30:00',6,'2022-06-17 13:52:45',1),(24,'17:00:00','16:00:00',0,'2022-06-17 13:52:45',1),(24,'17:00:00','16:00:00',1,'2022-06-17 13:52:45',1),(24,'17:00:00','16:00:00',2,'2022-06-17 13:52:45',1),(24,'17:00:00','16:00:00',3,'2022-06-17 13:52:45',1),(24,'17:00:00','16:00:00',4,'2022-06-17 13:52:45',1),(24,'17:00:00','16:00:00',5,'2022-06-17 13:52:45',1),(24,'17:00:00','16:00:00',6,'2022-06-17 13:52:45',1),(25,'10:00:00','09:00:00',0,'2022-06-17 13:52:53',1),(25,'10:00:00','09:00:00',1,'2022-06-17 13:52:53',1),(25,'10:00:00','09:00:00',2,'2022-06-17 13:52:53',1),(25,'10:00:00','09:00:00',3,'2022-06-17 13:52:53',1),(25,'10:00:00','09:00:00',4,'2022-06-17 13:52:53',1),(25,'10:00:00','09:00:00',5,'2022-06-17 13:52:53',1),(25,'10:00:00','09:00:00',6,'2022-06-17 13:52:53',1),(25,'11:30:00','10:30:00',0,'2022-06-17 13:52:53',1),(25,'11:30:00','10:30:00',1,'2022-06-17 13:52:53',1),(25,'11:30:00','10:30:00',2,'2022-06-17 13:52:53',1),(25,'11:30:00','10:30:00',3,'2022-06-17 13:52:53',1),(25,'11:30:00','10:30:00',4,'2022-06-17 13:52:53',1),(25,'11:30:00','10:30:00',5,'2022-06-17 13:52:53',1),(25,'11:30:00','10:30:00',6,'2022-06-17 13:52:53',1),(25,'14:00:00','13:00:00',0,'2022-06-17 13:52:53',1),(25,'14:00:00','13:00:00',1,'2022-06-17 13:52:53',1),(25,'14:00:00','13:00:00',2,'2022-06-17 13:52:53',1),(25,'14:00:00','13:00:00',3,'2022-06-17 13:52:53',1),(25,'14:00:00','13:00:00',4,'2022-06-17 13:52:53',1),(25,'14:00:00','13:00:00',5,'2022-06-17 13:52:53',1),(25,'14:00:00','13:00:00',6,'2022-06-17 13:52:53',1),(25,'15:30:00','14:30:00',0,'2022-06-17 13:52:53',1),(25,'15:30:00','14:30:00',1,'2022-06-17 13:52:53',1),(25,'15:30:00','14:30:00',2,'2022-06-17 13:52:53',1),(25,'15:30:00','14:30:00',3,'2022-06-17 13:52:53',1),(25,'15:30:00','14:30:00',4,'2022-06-17 13:52:53',1),(25,'15:30:00','14:30:00',5,'2022-06-17 13:52:53',1),(25,'15:30:00','14:30:00',6,'2022-06-17 13:52:53',1),(25,'17:00:00','16:00:00',0,'2022-06-17 13:52:53',1),(25,'17:00:00','16:00:00',1,'2022-06-17 13:52:53',1),(25,'17:00:00','16:00:00',2,'2022-06-17 13:52:53',1),(25,'17:00:00','16:00:00',3,'2022-06-17 13:52:53',1),(25,'17:00:00','16:00:00',4,'2022-06-17 13:52:53',1),(25,'17:00:00','16:00:00',5,'2022-06-17 13:52:53',1),(25,'17:00:00','16:00:00',6,'2022-06-17 13:52:53',1);
/*!40000 ALTER TABLE `time_slots_default` ENABLE KEYS */;
UNLOCK TABLES;

--
-- Table structure for table `user_addresses`
--

DROP TABLE IF EXISTS `user_addresses`;
/*!40101 SET @saved_cs_client     = @@character_set_client */;
/*!50503 SET character_set_client = utf8mb4 */;
CREATE TABLE `user_addresses` (
  `user_id` bigint NOT NULL,
  `address_line_1` varchar(255) DEFAULT NULL,
  `address_line_2` varchar(255) DEFAULT NULL,
  `city` varchar(50) DEFAULT NULL,
  `country` varchar(50) DEFAULT NULL,
  `postal_code` int DEFAULT NULL,
  `state` varchar(50) DEFAULT NULL,
  PRIMARY KEY (`user_id`),
  CONSTRAINT `user_address_fk` FOREIGN KEY (`user_id`) REFERENCES `users` (`id`)
) ENGINE=InnoDB DEFAULT CHARSET=utf8mb4 COLLATE=utf8mb4_0900_ai_ci;
/*!40101 SET character_set_client = @saved_cs_client */;

--
-- Dumping data for table `user_addresses`
--

LOCK TABLES `user_addresses` WRITE;
/*!40000 ALTER TABLE `user_addresses` DISABLE KEYS */;
/*!40000 ALTER TABLE `user_addresses` ENABLE KEYS */;
UNLOCK TABLES;

--
-- Table structure for table `user_role`
--

DROP TABLE IF EXISTS `user_role`;
/*!40101 SET @saved_cs_client     = @@character_set_client */;
/*!50503 SET character_set_client = utf8mb4 */;
CREATE TABLE `user_role` (
  `user_id` bigint NOT NULL,
  `role_id` bigint NOT NULL,
  PRIMARY KEY (`user_id`,`role_id`),
  KEY `user_role_fk` (`role_id`),
  CONSTRAINT `role_user_fk` FOREIGN KEY (`user_id`) REFERENCES `users` (`id`),
  CONSTRAINT `user_role_fk` FOREIGN KEY (`role_id`) REFERENCES `roles` (`id`)
) ENGINE=InnoDB DEFAULT CHARSET=utf8mb4 COLLATE=utf8mb4_0900_ai_ci;
/*!40101 SET character_set_client = @saved_cs_client */;

--
-- Dumping data for table `user_role`
--

LOCK TABLES `user_role` WRITE;
/*!40000 ALTER TABLE `user_role` DISABLE KEYS */;
INSERT INTO `user_role` VALUES (1,1),(8,2),(9,2),(11,2),(15,2),(16,2),(17,2),(18,2),(19,2),(20,2),(21,2),(22,2),(23,2),(24,2),(25,2),(10,3),(12,3),(13,3),(14,3),(26,3),(27,3),(28,3),(29,3),(30,3),(31,3),(32,3),(33,3);
/*!40000 ALTER TABLE `user_role` ENABLE KEYS */;
UNLOCK TABLES;

--
-- Table structure for table `users`
--

DROP TABLE IF EXISTS `users`;
/*!40101 SET @saved_cs_client     = @@character_set_client */;
/*!50503 SET character_set_client = utf8mb4 */;
CREATE TABLE `users` (
  `id` bigint NOT NULL AUTO_INCREMENT,
  `avatar` varchar(255) DEFAULT NULL,
  `created_date` datetime DEFAULT CURRENT_TIMESTAMP,
  `dob` date DEFAULT NULL,
  `email` varchar(100) NOT NULL,
  `first_name` varchar(55) NOT NULL,
  `gender` smallint DEFAULT NULL,
  `last_name` varchar(55) NOT NULL,
  `modified_date` datetime DEFAULT CURRENT_TIMESTAMP,
  `password` varchar(100) DEFAULT NULL,
  `phone` varchar(20) DEFAULT NULL,
  `reset_password_token` bigint DEFAULT NULL,
  `status` int NOT NULL,
  `username` varchar(30) NOT NULL,
  PRIMARY KEY (`id`),
  UNIQUE KEY `UK_6dotkott2kjsp8vw4d0m25fb7` (`email`),
  UNIQUE KEY `UK_r43af9ap4edm43mmtq01oddj6` (`username`),
  UNIQUE KEY `UK_iv8es72vb4cb595pc4lq8mbbg` (`reset_password_token`)
) ENGINE=InnoDB AUTO_INCREMENT=34 DEFAULT CHARSET=utf8mb4 COLLATE=utf8mb4_0900_ai_ci;
/*!40101 SET character_set_client = @saved_cs_client */;

--
-- Dumping data for table `users`
--

LOCK TABLES `users` WRITE;
/*!40000 ALTER TABLE `users` DISABLE KEYS */;
INSERT INTO `users` VALUES (1,NULL,'2022-06-15 17:26:06',NULL,'administrator@gmail.com','Admin',NULL,'Super','2022-06-15 17:26:06','$2a$10$e5umARR3ww7mmWlfGKTnBulnA6yf/RMRGhVluZOJsmPmvoCjxBGtG',NULL,NULL,1,'administrator'),(8,NULL,'2022-06-15 18:09:17',NULL,'johndoe@gmail.com','John',NULL,'Doe','2022-06-15 18:09:17','$2a$10$g7M.96Dq4XJGvmPKrrHAGO9ZgqKTIb6i7cW6jtqXLm2JgZNsVT4ai',NULL,NULL,1,'johndoe2022'),(9,'doctor-02.jpg','2022-06-15 19:03:23','1975-05-06','luongvanptit@gmail.com','Stephen',1,'Strange','2022-06-15 19:21:50','$2a$10$f2clAhGDl7/wL2abAM9RAefibtunfJXfN8W2stpg4WZ13IxF5ty6G','19001001',NULL,1,'doctorstrange'),(10,'patient.jpg','2022-06-15 20:04:13','1990-06-16','sample_patient@gmail.com','Johny',1,'Doe','2022-06-15 20:05:05','$2a$10$ER70zGeAXx5Ioi6TnVmbBegnFVun1fmrCGN8REjo42OlRPWs4p7Fm','09123456778',NULL,1,'sample_patient'),(11,'','2022-06-17 14:40:30','1994-06-17','sample_doctor@gmail.com','Thao',1,'Do','2022-06-17 14:40:30','$2a$10$vG5sik1.9ywPwCDWWQTvgO8CwRrJpnIFlm4yIsushSIkhwEPCASXW','120490012112',NULL,1,'sample_doctor'),(12,NULL,'2022-06-15 20:09:32',NULL,'britney.bichnu@gmail.com','Britney',NULL,'Spears','2022-06-15 20:09:32','$2a$10$2Dr5vD236w8xwRcdlv2E3OAgT21zzop80v4uZyXO2pCZ6vpLMJMX2',NULL,NULL,1,'britneyspears'),(13,NULL,'2022-06-16 18:51:18',NULL,'chaomo2212@gmail.com','Thao',NULL,'Do','2022-06-16 18:51:18','$2a$10$CYvkeGzRT84mM/lY1tmdie6j5RxvDja9kXUaJYQVa0UmBzPlsHL2u',NULL,NULL,1,'chaomo2212'),(14,NULL,'2022-06-16 23:05:31',NULL,'customer@gmail.com','oupsouch',NULL,'Luong','2022-06-16 23:05:31','$2a$10$4tEwWeQ5MT0igC6hGhCo7OfJFzTHW0uG4zYqbwMYJqXWkKKQyVl5G',NULL,NULL,1,'luongvanptit'),(15,'doctor-thumb-05.jpg','2022-06-17 13:48:52','1985-12-12','JeromeBell@gmail.com','Jerome',1,'Bell','2022-06-17 13:48:52','$2a$10$yJvEhYxW1L1sxlAC4Z90O.xiJyH2U6dhLxuarhKePN5EojuTwEIvC','(480) 555-0103',NULL,1,'jeromebell'),(16,'doctor-thumb-02.jpg','2022-06-17 15:24:19','1998-01-01','MarvinMcKinney@gmail.com','Marvin',1,'McKinney','2022-06-17 15:24:19','$2a$10$dqRPiXn03DolzGXeSEbjE./JKVegH5d0.vu2E/6II5Xceyfq2NVIC','(303) 555-0105',NULL,1,'marvinmckinney'),(17,'doctor-thumb-02.jpg','2022-06-17 14:01:41','1988-08-07','RonaldRichards@gmail.com','Ronald',1,'Richards','2022-06-17 14:01:41','$2a$10$nUEhB5akTqr0MKTr4J2lQ.v35/hXayV741EQ.Ro99bb8vl.c6bMkm','(406) 555-0120',NULL,1,'ronaldrichards'),(18,'doctor-thumb-09.jpg','2022-06-17 14:07:38','2000-12-03','RalphEdwards@gmail.com','Ralph',1,'Edwards','2022-06-17 14:07:38','$2a$10$0OCw7gLtd.5GAAiHqu1RY.NNbi/RCTUM/hy9jabvJqh0k2ENBmJ1K','(671) 555-0110',NULL,1,'ralphedwards'),(19,'doctor-thumb-08.jpg','2022-06-17 14:34:09','1991-05-06','JacobJones@gmail.com','Jacob',1,'Jones','2022-06-17 14:34:09','$2a$10$nDIJfkAIyYxgyHFlrUhXQeSSJEvCQqq7uxceQlL3dG5NIMGyljhb.','(270) 555-0117',NULL,1,'jacobjones'),(20,'doctor-thumb-04.jpg','2022-06-17 14:39:43','1986-02-21','ArleneMcCoy@gmail.com','Arlene',0,'McCoy','2022-06-17 14:39:43','$2a$10$bZ2hjdLSyikWbZItAPxASOwtoqCEUjNb2Gj3WxPJ56.Xh/bprhsXq','',NULL,1,'arlenemccoy'),(21,'doctor-thumb-09.jpg','2022-06-17 14:56:26','2022-06-17','DevonLane@gmail.com','Devon',1,'Lane','2022-06-17 14:56:26','$2a$10$ROT/fyBR0bDqxVSjcTsv5O87iPqvLBbS267kEzYXseuD4TY6OlvJu','(603) 555-0123',NULL,1,'devonlane'),(22,'doctor-thumb-01.jpg','2022-06-17 15:07:00','1989-08-01','RobertFox@gmail.com','Robert',0,'Fox','2022-06-17 15:07:00','$2a$10$7Glh5/QCyQAntca2mS.KouuoAQW.vgKEijCzeeLakqgful.XWS2.C','(316) 555-0116',NULL,1,'robertfox'),(23,'doctor-thumb-10.jpg','2022-06-17 15:13:12','1992-05-05','DarrellSteward@gmail.com','Darrell',0,'Steward','2022-06-17 15:13:12','$2a$10$qvxDIDKAW5hiD92JF2G1n.ikMhFHSMqugM10syt45uw8Sy2IszKwW','(319) 555-0115',NULL,1,'darrellsteward'),(24,'doctor-thumb-06.jpg','2022-06-17 15:16:45','1994-04-04','AnnetteBlack@gmail.com','Annette',0,'Black','2022-06-17 15:16:45','$2a$10$y6YtY/IfrJ3osORch0bBA.Y7l40T7XosVX2L/JO5aBBbjGC6lGkei','(219) 555-0114',NULL,1,'annetteblack'),(25,'doctor-thumb-01.jpg','2022-06-17 15:21:36','2001-02-13','KathrynMurphy@gmail.com','Kathryn',0,'Murphy','2022-06-17 15:21:36','$2a$10$HArcaXBB4NBoLP4A2OABhuz.GDsebwEnH22M3p6bez2DYIQvLXRXu','(629) 555-0129',NULL,1,'kathrynmurphy'),(26,'patient1.jpg','2022-06-17 15:43:27','1999-02-02','TheresaWebb@gmail.com','Theresa',0,'Webb','2022-06-17 15:43:27','$2a$10$.0lL8ZkQ2R7AlwcGaNc2G.PhAjxbrlV5sO5iYQDAYn7YmX0LqEGda','(303) 555-0105',NULL,1,'theresawebb'),(27,'patient2.jpg','2022-06-17 15:44:06','1988-08-08','AlbertFlores@gmail.com','Albert',1,'Flores','2022-06-17 15:44:06','$2a$10$Dyw9M44uyhHs9Jddan.D9u4fNv57KQuLlltLClE8JsPIMmrWrhYU.','(405) 555-0128',NULL,1,'albertflores'),(28,'patient.jpg','2022-06-17 15:41:51','0993-03-31','EstherHoward@gmail.com','Esther',1,'Howard','2022-06-17 15:41:51','$2a$10$/omz8wydhGGBmg.LD31mr.SLSVOWF9WFH6B3VR.POqMPyLMRMXa1W','(252) 555-0126',NULL,1,'estherhoward'),(29,'patient6.jpg','2022-06-17 15:46:18','1992-02-21','SavannahNguyen@gmail.com','Savannah',0,'Nguyen','2022-06-17 15:46:18','$2a$10$97neuoc45NCS2VOqYMr9DuewPo2tcTzpkStOLZK0GubK8OnayKiGC','(302) 555-0107',NULL,1,'savannahnguyen'),(30,'patient8.jpg','2022-06-17 15:48:15','1994-09-09','LeslieAlexander@gmail.com','Leslie',1,'Alexander','2022-06-17 15:48:15','$2a$10$D.yieKYrv.wlRF.wLJjXkulLj8m0cKQuaDCMZqHg75SMqB4QtpimS','(308) 555-0121',NULL,1,'lesliealexander'),(31,'patient5.jpg','2022-06-17 15:50:24','1996-06-06','JennyWilson@gmail.com','Jenny',0,'Wilson','2022-06-17 15:50:24','$2a$10$24t1FLrVNj1q0TIctGXygePqnvGvAAKe0g7WN1C13EhBQolQdseHe','(209) 555-0104',NULL,1,'jennywilson'),(32,'patient4.jpg','2022-06-17 15:58:22','1989-02-23','KristinWatson@gmail.com','Kristin',0,'Watson','2022-06-17 15:58:22','$2a$10$xIPqyOD4kh4MFBa2rxOmMOEz9OZJ0b5Z6r1oDw5wZYpwEkXIeLR1a','(201) 555-0124',NULL,1,'kristinwatson'),(33,'patient8.jpg','2022-06-17 16:00:33','1997-03-07','BrooklynSimmons@gmail.com','Brooklyn',1,'Simmons','2022-06-17 16:00:33','$2a$10$hnwjsp4jJKp0TVb9txD1me1407BAuSGdzEG5FSVcEgT.d7AHRjaZG','(239) 555-0108',NULL,1,'brooklynsimmons');
/*!40000 ALTER TABLE `users` ENABLE KEYS */;
UNLOCK TABLES;
/*!40103 SET TIME_ZONE=@OLD_TIME_ZONE */;

/*!40101 SET SQL_MODE=@OLD_SQL_MODE */;
/*!40014 SET FOREIGN_KEY_CHECKS=@OLD_FOREIGN_KEY_CHECKS */;
/*!40014 SET UNIQUE_CHECKS=@OLD_UNIQUE_CHECKS */;
/*!40101 SET CHARACTER_SET_CLIENT=@OLD_CHARACTER_SET_CLIENT */;
/*!40101 SET CHARACTER_SET_RESULTS=@OLD_CHARACTER_SET_RESULTS */;
/*!40101 SET COLLATION_CONNECTION=@OLD_COLLATION_CONNECTION */;
/*!40111 SET SQL_NOTES=@OLD_SQL_NOTES */;

-- Dump completed on 2022-06-17 16:45:33
